tol,min_ratio,detected,records,matched,precision,recall,f1
0.03,1.18,190,162,120,0.631578947368421,0.7407407407407407,0.6818181818181818
0.03,1.3,137,162,117,0.8540145985401459,0.7222222222222222,0.782608695652174
0.03,1.45,130,162,115,0.8846153846153846,0.7098765432098766,0.7876712328767124
0.05,1.18,247,162,142,0.5748987854251012,0.8765432098765432,0.6943765281173594
0.05,1.3,168,162,139,0.8273809523809523,0.8580246913580247,0.8424242424242424
0.05,1.45,159,162,137,0.8616352201257862,0.845679012345679,0.853582554517134
0.08,1.18,522,162,155,0.29693486590038315,0.9567901234567902,0.4532163742690058
0.08,1.3,214,162,153,0.7149532710280374,0.9444444444444444,0.8138297872340425
0.08,1.45,174,162,150,0.8620689655172413,0.9259259259259259,0.8928571428571429
0.12,1.18,1499,162,159,0.10607071380920614,0.9814814814814815,0.1914509331727875
0.12,1.3,264,162,158,0.5984848484848485,0.9753086419753086,0.7417840375586855
0.12,1.45,189,162,156,0.8253968253968254,0.9629629629629629,0.8888888888888888
