date,symbol,sec,series,close,prevclose,ret
2023-03-02,360ONE,360ONE|20190919,EQ,441.05,1773.3,-0.7512829188518582
2013-08-01,FINANTECH,63MOONS|20060102,EQ,191.65,539.85,-0.6449939798092063
2015-06-03,ADANIENT,ADANIENT|20060102,EQ,109.75,637.0,-0.8085644514215943
2026-04-06,AHLWEST,AHLWEST|20100805,BE,143.85,10.0,13.385
2026-01-14,AJMERA,AJMERA|20090616,EQ,185.05,910.05,-0.796659524201967
2015-09-11,AMTEKAUTO,AMTEKAUTO|20060102,EQ,46.95,30.5,0.5393442622950821
2023-07-18,ANMOL,ANMOL|20210604,EQ,52.85,220.2,-0.7599909173478656
2026-04-20,ARIHANT,ARIHANT|20061226,EQ,907.55,39.65,21.8890290037831
2024-12-27,ATLASCYCLE,ATLASCYCLE|20060102,BE,66.15,5.0,12.23
2018-10-24,ATNINTER,ATNINTER|20060901,BE,0.1,0.05,1.0
2019-01-28,ATNINTER,ATNINTER|20060901,BE,0.1,0.05,1.0
2019-02-11,ATNINTER,ATNINTER|20060901,BE,0.1,0.05,1.0
2019-03-11,ATNINTER,ATNINTER|20060901,BE,0.1,0.05,1.0
2019-03-18,ATNINTER,ATNINTER|20060901,BE,0.1,0.05,1.0
2019-04-08,ATNINTER,ATNINTER|20060901,BE,0.1,0.05,1.0
2019-04-15,ATNINTER,ATNINTER|20060901,BE,0.1,0.05,1.0
2019-06-24,ATNINTER,ATNINTER|20060901,BE,0.1,0.05,1.0
2019-07-12,ATNINTER,ATNINTER|20060901,BE,0.1,0.05,1.0
2020-03-17,ATNINTER,ATNINTER|20060901,BE,0.1,0.05,1.0
2020-03-30,ATNINTER,ATNINTER|20060901,BE,0.1,0.05,1.0
2020-12-23,MAJESCO,AURUM|20150819,EQ,12.2,985.65,-0.9876223811697864
2007-11-23,BANCOINDIA,BANCOINDIA|20061222,EQ,35.4,161.45,-0.7807370703004026
2025-07-14,BCG,BCG|20150508,BE,20.71,2.0,9.355
2023-02-23,BINANIIND,BILVYAPAR|20060927,BE,11.4,1.0,10.4
2013-07-05,BIRLACOT,BIRLACOT|20080730,EQ,0.1,0.05,1.0
2013-07-10,BIRLACOT,BIRLACOT|20080730,EQ,0.1,0.05,1.0
2013-08-20,BIRLACOT,BIRLACOT|20080730,EQ,0.1,0.05,1.0
2013-09-05,BIRLACOT,BIRLACOT|20080730,EQ,0.1,0.05,1.0
2013-09-10,BIRLACOT,BIRLACOT|20080730,EQ,0.1,0.05,1.0
2013-09-13,BIRLACOT,BIRLACOT|20080730,EQ,0.1,0.05,1.0
2014-03-12,BIRLACOT,BIRLACOT|20080730,EQ,0.1,0.05,1.0
2014-03-18,BIRLACOT,BIRLACOT|20080730,EQ,0.1,0.05,1.0
2014-03-20,BIRLACOT,BIRLACOT|20080730,EQ,0.1,0.05,1.0
2014-03-27,BIRLACOT,BIRLACOT|20080730,EQ,0.1,0.05,1.0
2014-03-31,BIRLACOT,BIRLACOT|20080730,EQ,0.1,0.05,1.0
2015-02-11,BIRLACOT,BIRLACOT|20080730,EQ,0.1,0.05,1.0
2015-02-19,BIRLACOT,BIRLACOT|20080730,EQ,0.1,0.05,1.0
2015-02-24,BIRLACOT,BIRLACOT|20080730,EQ,0.1,0.05,1.0
2015-02-28,BIRLACOT,BIRLACOT|20080730,EQ,0.1,0.05,1.0
2015-03-04,BIRLACOT,BIRLACOT|20080730,EQ,0.1,0.05,1.0
2015-03-12,BIRLACOT,BIRLACOT|20080730,EQ,0.1,0.05,1.0
2015-03-16,BIRLACOT,BIRLACOT|20080730,EQ,0.1,0.05,1.0
2015-03-20,BIRLACOT,BIRLACOT|20080730,EQ,0.1,0.05,1.0
2015-03-24,BIRLACOT,BIRLACOT|20080730,EQ,0.1,0.05,1.0
2015-03-30,BIRLACOT,BIRLACOT|20080730,EQ,0.1,0.05,1.0
2015-06-22,BIRLACOT,BIRLACOT|20080730,EQ,0.1,0.05,1.0
2015-06-25,BIRLACOT,BIRLACOT|20080730,EQ,0.1,0.05,1.0
2015-07-03,BIRLACOT,BIRLACOT|20080730,EQ,0.1,0.05,1.0
2015-07-07,BIRLACOT,BIRLACOT|20080730,EQ,0.1,0.05,1.0
2015-07-16,BIRLACOT,BIRLACOT|20080730,EQ,0.1,0.05,1.0
2015-07-22,BIRLACOT,BIRLACOT|20080730,EQ,0.1,0.05,1.0
2015-07-24,BIRLACOT,BIRLACOT|20080730,EQ,0.1,0.05,1.0
2015-07-30,BIRLACOT,BIRLACOT|20080730,EQ,0.1,0.05,1.0
2015-08-04,BIRLACOT,BIRLACOT|20080730,EQ,0.1,0.05,1.0
2015-08-07,BIRLACOT,BIRLACOT|20080730,EQ,0.1,0.05,1.0
2015-08-11,BIRLACOT,BIRLACOT|20080730,EQ,0.1,0.05,1.0
2015-08-13,BIRLACOT,BIRLACOT|20080730,EQ,0.1,0.05,1.0
2015-11-13,BIRLACOT,BIRLACOT|20080730,EQ,0.1,0.05,1.0
2015-11-20,BIRLACOT,BIRLACOT|20080730,EQ,0.1,0.05,1.0
2015-11-24,BIRLACOT,BIRLACOT|20080730,EQ,0.1,0.05,1.0
2016-05-05,BIRLACOT,BIRLACOT|20080730,EQ,0.1,0.05,1.0
2016-05-12,BIRLACOT,BIRLACOT|20080730,EQ,0.1,0.05,1.0
2016-05-18,BIRLACOT,BIRLACOT|20080730,EQ,0.1,0.05,1.0
2016-05-20,BIRLACOT,BIRLACOT|20080730,EQ,0.1,0.05,1.0
2016-05-26,BIRLACOT,BIRLACOT|20080730,EQ,0.1,0.05,1.0
2016-05-31,BIRLACOT,BIRLACOT|20080730,EQ,0.1,0.05,1.0
2016-06-02,BIRLACOT,BIRLACOT|20080730,EQ,0.1,0.05,1.0
2016-06-06,BIRLACOT,BIRLACOT|20080730,EQ,0.1,0.05,1.0
2016-06-09,BIRLACOT,BIRLACOT|20080730,EQ,0.1,0.05,1.0
2016-06-14,BIRLACOT,BIRLACOT|20080730,EQ,0.1,0.05,1.0
2016-06-24,BIRLACOT,BIRLACOT|20080730,EQ,0.1,0.05,1.0
2016-07-01,BIRLACOT,BIRLACOT|20080730,EQ,0.1,0.05,1.0
2016-07-15,BIRLACOT,BIRLACOT|20080730,BE,0.1,0.05,1.0
2016-07-20,BIRLACOT,BIRLACOT|20080730,BE,0.1,0.05,1.0
2016-07-25,BIRLACOT,BIRLACOT|20080730,BE,0.1,0.05,1.0
2016-07-27,BIRLACOT,BIRLACOT|20080730,BE,0.1,0.05,1.0
2016-08-10,BIRLACOT,BIRLACOT|20080730,BE,0.1,0.05,1.0
2016-08-23,BIRLACOT,BIRLACOT|20080730,BE,0.1,0.05,1.0
2016-08-25,BIRLACOT,BIRLACOT|20080730,BE,0.1,0.05,1.0
2016-09-02,BIRLACOT,BIRLACOT|20080730,BE,0.1,0.05,1.0
2016-09-16,BIRLACOT,BIRLACOT|20080730,BE,0.1,0.05,1.0
2016-09-22,BIRLACOT,BIRLACOT|20080730,BE,0.1,0.05,1.0
2016-10-14,BIRLACOT,BIRLACOT|20080730,BE,0.1,0.05,1.0
2016-10-19,BIRLACOT,BIRLACOT|20080730,BE,0.1,0.05,1.0
2016-10-21,BIRLACOT,BIRLACOT|20080730,BE,0.1,0.05,1.0
2016-10-25,BIRLACOT,BIRLACOT|20080730,BE,0.1,0.05,1.0
2016-10-27,BIRLACOT,BIRLACOT|20080730,BE,0.1,0.05,1.0
2016-11-15,BIRLACOT,BIRLACOT|20080730,EQ,0.1,0.05,1.0
2016-11-18,BIRLACOT,BIRLACOT|20080730,EQ,0.1,0.05,1.0
2016-11-22,BIRLACOT,BIRLACOT|20080730,EQ,0.1,0.05,1.0
2016-12-01,BIRLACOT,BIRLACOT|20080730,EQ,0.1,0.05,1.0
2016-12-08,BIRLACOT,BIRLACOT|20080730,BE,0.1,0.05,1.0
2016-12-21,BIRLACOT,BIRLACOT|20080730,BE,0.1,0.05,1.0
2016-12-29,BIRLACOT,BIRLACOT|20080730,BE,0.1,0.05,1.0
2017-01-13,BIRLACOT,BIRLACOT|20080730,BE,0.1,0.05,1.0
2017-02-01,BIRLACOT,BIRLACOT|20080730,BE,0.1,0.05,1.0
2017-02-06,BIRLACOT,BIRLACOT|20080730,BE,0.1,0.05,1.0
2017-02-08,BIRLACOT,BIRLACOT|20080730,BE,0.1,0.05,1.0
2017-02-15,BIRLACOT,BIRLACOT|20080730,BE,0.1,0.05,1.0
2017-02-22,BIRLACOT,BIRLACOT|20080730,BE,0.1,0.05,1.0
2017-02-28,BIRLACOT,BIRLACOT|20080730,BE,0.1,0.05,1.0
2017-03-02,BIRLACOT,BIRLACOT|20080730,BE,0.1,0.05,1.0
2017-03-07,BIRLACOT,BIRLACOT|20080730,EQ,0.1,0.05,1.0
2008-07-11,APOLLOSIND,BIRLAMONEY|20080207,EQ,51.55,518.55,-0.9005881785748723
2009-04-24,BIRLAPOWER,BIRLAPOWER|20070606,EQ,1.95,17.25,-0.8869565217391304
2014-08-08,BIRLAPOWER,BIRLAPOWER|20070606,BZ,0.1,0.05,1.0
2014-08-12,BIRLAPOWER,BIRLAPOWER|20070606,BZ,0.1,0.05,1.0
2014-08-25,BIRLAPOWER,BIRLAPOWER|20070606,BZ,0.1,0.05,1.0
2014-10-13,BIRLAPOWER,BIRLAPOWER|20070606,BZ,0.1,0.05,1.0
2014-10-27,BIRLAPOWER,BIRLAPOWER|20070606,BZ,0.1,0.05,1.0
2014-11-24,BIRLAPOWER,BIRLAPOWER|20070606,BZ,0.1,0.05,1.0
2015-02-23,BIRLAPOWER,BIRLAPOWER|20070606,BZ,0.1,0.05,1.0
2018-04-13,BLUECHIP,BLUECHIP|20060102,BE,0.1,0.05,1.0
2020-04-03,BLUECHIP,BLUECHIP|20060102,BE,0.1,0.05,1.0
2020-09-14,BLUECHIP,BLUECHIP|20060102,BE,0.1,0.05,1.0
2020-09-17,BLUECHIP,BLUECHIP|20060102,BE,0.1,0.05,1.0
2025-07-14,CAPTRU-RE,CAPTRU-RE|20250625,BE,0.35,0.12,1.9166666666666665
2018-09-28,INFIBEAM,CCAVENUE|20160404,EQ,58.45,200.35,-0.7082605440479162
2024-09-03,CCCL,CCCL|20071015,BE,11.44,1.0,10.44
2008-06-13,CCL,CCL|20060102,BE,177.6,61.6,1.883116883116883
2006-08-10,CROMPGREAV,CGPOWER|20060102,EQ,218.75,1039.7,-0.7896027700298163
2009-04-15,CMC,CMC|20060102,EQ,571.55,380.35,0.5026948862889442
2021-04-26,COFFEEDAY,COFFEEDAY|20151102,BE,46.1,26.35,0.7495256166982922
2007-06-06,COREPROTEC,COREEDUTEC|20070525,EQ,142.05,592.35,-0.7601924537857685
2008-10-13,COREPROTEC,COREEDUTEC|20070525,EQ,59.85,143.85,-0.583941605839416
2013-02-25,COREEDUTEC,COREEDUTEC|20070525,EQ,110.5,293.85,-0.6239578015994556
2026-02-13,DELPHIFX,DELPHIFX|20110628,EQ,16.7,228.13,-0.63398062508219
2013-09-16,DHANUS,DHANUS|20071017,BE,0.1,0.05,1.0
2017-08-10,DWARKESH,DWARKESH|20060102,EQ,66.45,667.4,-0.9004345220257717
2006-09-12,EIHOTEL,EIHOTEL|20060102,EQ,120.85,812.1,-0.8511882773057505
2006-10-17,ELECON,ELECON|20060929,EQ,242.2,1240.9,-0.8048190829236844
2016-10-04,FARMAXIND,FARMAXIND|20100817,EQ,0.1,0.05,1.0
2017-03-21,FARMAXIND,FARMAXIND|20100817,BE,0.1,0.05,1.0
2017-03-23,FARMAXIND,FARMAXIND|20100817,BE,0.1,0.05,1.0
2017-03-27,FARMAXIND,FARMAXIND|20100817,BE,0.1,0.05,1.0
2017-03-31,FARMAXIND,FARMAXIND|20100817,BE,0.1,0.05,1.0
2017-04-05,FARMAXIND,FARMAXIND|20100817,BE,0.1,0.05,1.0
2017-04-11,FARMAXIND,FARMAXIND|20100817,BE,0.1,0.05,1.0
2017-08-07,FARMAXIND,FARMAXIND|20100817,BE,0.1,0.05,1.0
2018-02-01,FCSSOFT,FCSSOFT|20060102,EQ,0.1,0.05,1.0
2018-04-27,GANGOTRI,GANGOTRI|20060407,BZ,0.1,0.05,1.0
2018-06-25,GANGOTRI,GANGOTRI|20060407,BZ,0.1,0.05,1.0
2013-04-12,GLFL,GLFL|20060102,BE,1.8,78.0,-0.9769230769230769
2023-06-02,GODHA-RE,GODHA-RE|20230525,BE,0.1,0.05,1.0
2011-06-20,GTL,GTL|20060102,EQ,127.95,338.3,-0.6217853975761158
2022-08-12,GVKPIL,GVKPIL|20060227,BE,5.7,1.0,4.7
2023-10-20,HDFCLOWVOL,HDFCLOWVOL|20221017,EQ,15.15,152.8,-0.9008507853403142
2023-10-20,HDFCMOMENT,HDFCMOMENT|20221017,EQ,22.88,233.23,-0.9018994125970072
2024-02-02,HDFCNIFIT,HDFCNIFIT|20221122,EQ,38.09,372.75,-0.897813547954393
2024-02-02,HDFCPVTBAN,HDFCPVTBAN|20221122,EQ,23.59,237.3,-0.9005899705014749
2009-02-12,HEXAWARE,HEXAWARE|20060102,EQ,33.35,20.05,0.6633416458852868
2008-11-10,HITECHPLAS,HITECHCORP|20071220,EQ,44.4,27.3,0.6263736263736264
2008-06-13,IMPEXFERRO,IMPEXFERRO|20060102,BE,31.3,10.0,2.13
2007-01-02,INDIABULLS,INDIABULLS|20060102,EQ,305.45,660.45,-0.5375123022181847
2009-09-16,IVC,IVC|20060102,EQ,56.4,256.15,-0.7798165137614679
2012-06-04,JDORGOCHEM,JDORGOCHEM|20080902,BE,3.75,8.45,-0.5562130177514792
2019-06-20,JETAIRWAYS,JETAIRWAYS|20060102,EQ,62.85,33.1,0.8987915407854985
2008-06-13,KABRAEXTRU,KABRAEXTRU|20060102,BE,127.0,21.25,4.976470588235294
2010-09-02,KCP,KCP|20060102,EQ,32.1,315.9,-0.8983855650522317
2008-06-13,KEYCORPSER,KEYFINSERV|20060102,BE,128.9,33.75,2.8192592592592596
2008-08-22,CAMLIN,KOKUYOCMLN|20080728,EQ,20.3,197.2,-0.8970588235294118
2026-04-20,KOVAI,KOVAI|20100302,EQ,5487.9,2576.65,1.1298585372479768
2019-10-09,KSERASERA,KSERASERA|20061005,BE,0.1,0.05,1.0
2019-10-17,KSERASERA,KSERASERA|20061005,BE,0.1,0.05,1.0
2019-10-23,KSERASERA,KSERASERA|20061005,BE,0.1,0.05,1.0
2019-10-30,KSERASERA,KSERASERA|20061005,BE,0.1,0.05,1.0
2019-11-04,KSERASERA,KSERASERA|20061005,BE,0.1,0.05,1.0
2019-11-20,KSERASERA,KSERASERA|20061005,BE,0.1,0.05,1.0
2019-11-25,KSERASERA,KSERASERA|20061005,BE,0.1,0.05,1.0
2019-11-28,KSERASERA,KSERASERA|20061005,BE,0.1,0.05,1.0
2020-03-04,KSERASERA,KSERASERA|20061005,EQ,0.1,0.05,1.0
2020-03-17,KSERASERA,KSERASERA|20061005,EQ,0.1,0.05,1.0
2020-03-24,KSERASERA,KSERASERA|20061005,EQ,0.1,0.05,1.0
2020-03-27,KSERASERA,KSERASERA|20061005,EQ,0.1,0.05,1.0
2020-04-13,KSERASERA,KSERASERA|20061005,EQ,0.1,0.05,1.0
2026-08-17,LANCER,LANCER|20220510,EQ,11.07,149.7,-0.9260521042084169
2021-03-31,LCCINFOTEC,LCCINFOTEC|20060102,BE,5.45,2.0,1.725
2008-07-11,LOTTEINDIA,LOTTEINDIA|20060106,BE,368.8,224.0,0.6464285714285716
2024-03-01,LOWVOLIETF,LOWVOLIETF|20170711,EQ,19.67,195.43,-0.899350150949189
2026-03-20,MAHAPEXLTD,MAHAPEXLTD|20180405,EQ,56.45,126.9,-0.5551615445232467
2008-07-17,MALCO,MALCO|20070412,EQ,144.5,685.6,-0.7892357059509918
2007-03-12,MAX,MFSL|20060102,EQ,194.05,944.45,-0.7945365027264546
2013-01-28,RAIREKMOH,MOHOTAIND|20110713,EQ,81.95,169.5,-0.516519174041298
2019-09-23,MVL,MVL|20080630,BE,0.1,0.05,1.0
2019-09-30,MVL,MVL|20080630,BE,0.1,0.05,1.0
2019-10-10,MVL,MVL|20080630,BE,0.1,0.05,1.0
2019-10-14,MVL,MVL|20080630,BE,0.1,0.05,1.0
2019-11-01,MVL,MVL|20080630,BE,0.1,0.05,1.0
2019-11-14,MVL,MVL|20080630,BE,0.1,0.05,1.0
2019-12-04,MVL,MVL|20080630,BZ,0.1,0.05,1.0
2019-12-17,MVL,MVL|20080630,BZ,0.1,0.05,1.0
2019-12-20,MVL,MVL|20080630,BZ,0.1,0.05,1.0
2019-12-24,MVL,MVL|20080630,BZ,0.1,0.05,1.0
2019-12-30,MVL,MVL|20080630,BZ,0.1,0.05,1.0
2020-02-17,MVL,MVL|20080630,BZ,0.1,0.05,1.0
2022-11-22,NXTDIGITAL,NDLVENTURE|20070424,BE,68.9,436.75,-0.8422438465941614
2020-03-30,NIFTYEES,NIFTYEES|20150514,EQ,11217.08,14421.0,0.5556591082449205
2007-08-24,NIITLTD,NIITLTD|20060102,EQ,130.3,926.75,-0.8594011329916375
2007-03-26,NRBBEARING,NRBBEARING|20060102,EQ,99.95,500.45,-0.8002797482265961
2024-03-22,NTL,NTL|20130911,BE,3.5,1.0,2.5
2024-03-01,NV20IETF,NV20IETF|20160628,EQ,13.82,135.97,-0.8983599323380157
2008-06-13,GOLDINFRA,OLECTRA|20060102,BE,60.6,36.15,0.6763485477178424
2008-02-01,ORIENTPPR,ORIENTPPR|20060102,EQ,61.05,622.85,-0.9019828209039095
2008-06-16,PAEL,PAEL|20060102,BE,30.0,13.7,1.1897810218978102
2013-10-17,FOURSOFT,PALRED|20060102,BE,13.8,42.15,-0.6725978647686832
2007-01-25,PARACABLES,PARACABLES|20070103,EQ,55.0,262.3,-0.7903164315669081
2017-02-01,PARASPETRO,PARASPETRO|20100830,BZ,0.1,0.05,1.0
2011-12-23,PIRLIFE,PIRPHYTO|20080529,BE,7.55,99.95,0.51
2018-06-25,PRAKASHSTL,PRAKASHSTL|20100825,BE,0.1,0.05,1.0
2018-05-18,GREENFIRE,PROSEED|20121016,BE,0.1,0.05,1.0
2019-02-12,RAJRAYON,RAJRAYON|20070104,BZ,0.1,0.05,1.0
2019-02-15,RAJRAYON,RAJRAYON|20070104,BZ,0.1,0.05,1.0
2019-02-27,RAJRAYON,RAJRAYON|20070104,BZ,0.1,0.05,1.0
2019-03-01,RAJRAYON,RAJRAYON|20070104,BZ,0.1,0.05,1.0
2019-03-15,RAJRAYON,RAJRAYON|20070104,BZ,0.1,0.05,1.0
2019-03-25,RAJRAYON,RAJRAYON|20070104,BZ,0.1,0.05,1.0
2019-03-27,RAJRAYON,RAJRAYON|20070104,BZ,0.1,0.05,1.0
2019-04-08,RAJRAYON,RAJRAYON|20070104,BZ,0.1,0.05,1.0
2019-04-18,RAJRAYON,RAJRAYON|20070104,BZ,0.1,0.05,1.0
2019-04-25,RAJRAYON,RAJRAYON|20070104,BZ,0.1,0.05,1.0
2019-05-02,RAJRAYON,RAJRAYON|20070104,BE,0.1,0.05,1.0
2019-05-06,RAJRAYON,RAJRAYON|20070104,BE,0.1,0.05,1.0
2019-05-09,RAJRAYON,RAJRAYON|20070104,BE,0.1,0.05,1.0
2019-05-22,RAJRAYON,RAJRAYON|20070104,BE,0.1,0.05,1.0
2019-06-10,RAJRAYON,RAJRAYON|20070104,BZ,0.1,0.05,1.0
2019-06-12,RAJRAYON,RAJRAYON|20070104,BZ,0.1,0.05,1.0
2019-06-21,RAJRAYON,RAJRAYON|20070104,BZ,0.1,0.05,1.0
2019-12-26,RAJRAYON,RAJRAYON|20070104,BZ,0.1,0.05,1.0
2020-01-03,RAJRAYON,RAJRAYON|20070104,BZ,0.1,0.05,1.0
2020-01-17,RAJRAYON,RAJRAYON|20070104,BZ,0.1,0.05,1.0
2020-01-27,RAJRAYON,RAJRAYON|20070104,BZ,0.1,0.05,1.0
2020-02-12,RAJRAYON,RAJRAYON|20070104,BZ,0.1,0.05,1.0
2020-04-13,RAJRAYON,RAJRAYON|20070104,BZ,0.1,0.05,1.0
2020-04-28,RAJRAYON,RAJRAYON|20070104,BZ,0.1,0.05,1.0
2020-05-13,RAJRAYON,RAJRAYON|20070104,BZ,0.1,0.05,1.0
2020-05-27,RAJRAYON,RAJRAYON|20070104,BZ,0.1,0.05,1.0
2020-06-01,RAJRAYON,RAJRAYON|20070104,BZ,0.1,0.05,1.0
2018-05-17,RCOM,RCOM|20060306,EQ,16.4,10.5,0.5619047619047617
2017-10-03,REIAGROLTD,REIAGROLTD|20081125,BZ,0.15,1.0,-0.85
2017-06-05,REISIXTEN,REISIXTEN|20090427,BZ,0.3,1.0,-0.7
2008-06-13,ROHITFERRO,ROHITFERRO|20060413,BE,147.65,30.0,3.921666666666667
2024-09-20,ROSSELLIND,ROSSELLIND|20120925,BE,170.85,621.65,-0.7251668945548138
2015-01-21,RSSOFTWARE,RSSOFTWARE|20060102,EQ,290.65,600.6,-0.516067266067266
2026-02-18,SADHNANIQ,SADHNANIQ|20230505,EQ,1.66,5.61,-0.7040998217468806
2009-01-07,SATYAMCOMP,SATYAMCOMP|20060102,EQ,40.25,178.95,-0.7750768371053367
2024-09-10,SHEKHAWATI,SHEKHAWATI|20110112,BE,86.43,2.1,40.15714285714286
2008-06-13,SHREEASHTA,SHREEASHTA|20070110,BE,503.75,160.0,2.1484375
2013-06-17,ASTERSILI,SHRIASTER|20100728,EQ,13.1,5.4,1.4259259259259256
2026-04-20,SICAGEN,SICAGEN|20080821,EQ,54.55,24.35,1.2402464065708418
2009-02-04,WWIL,SITINET|20070110,EQ,17.15,9.7,0.768041237113402
2008-06-13,HORIZONINF,SKIL|20080125,EQ,1857.0,327.65,4.667633145124371
2008-10-13,SKUMARSYNF,SKUMARSYNF|20060102,EQ,31.9,20.85,0.5299760191846521
2009-01-30,SPICETELE,SPICETELE|20080616,EQ,45.85,26.5,0.730188679245283
2009-02-02,SPICETELE,SPICETELE|20080616,EQ,80.25,45.85,0.7502726281352234
2009-02-12,SPICETELE,SPICETELE|20080616,EQ,79.3,52.05,0.5235350624399615
2023-07-24,SRPL-RE,SRPL-RE|20230717,BE,0.1,0.05,1.0
2013-12-19,STAR,STAR|20060102,EQ,373.75,882.3,-0.5763912501416751
2025-06-19,SUMEETINDS,SUMEETINDS|20101210,BE,55.96,4.89,10.443762781186095
2006-02-07,KECINTL,SUMMIT|20060102,EQ,59.7,361.15,-0.7520420877751627
2010-08-17,SURANAT&P,SURANAT&P|20060102,EQ,20.9,62.55,-0.5645833333333334
2008-01-21,SUZLON,SUZLON|20060102,EQ,366.05,1896.9,-0.8070272549949918
2024-03-26,TIL,TIL|20060102,BZ,157.15,557.6,-0.7181671449067432
2008-10-29,TIMETECHNO,TIMETECHNO|20070613,EQ,37.95,370.9,-0.8976813157185225
2008-02-21,GBN,TV18BRDCST|20070208,EQ,226.85,1112.7,-0.7961265390491598
2023-10-12,TVVISION,TVVISION|20160915,BE,4.05,2.55,0.5882352941176472
2024-05-27,UEL,UEL|20240416,BE,160.95,43.8,2.6746575342465753
2010-10-21,UNICHEMLAB,UNICHEMLAB|20060102,EQ,228.15,547.6,-0.58336376917458
2006-06-23,UNITECH,UNITECH|20060102,EQ,169.4,10485.0,-0.9838435860753457
2018-08-13,UVSL,UVSL|20160624,BE,0.1,0.05,1.0
2018-10-01,UVSL,UVSL|20160624,BE,0.1,0.05,1.0
2018-10-30,UVSL,UVSL|20160624,EQ,0.1,0.05,1.0
2019-04-26,UVSL,UVSL|20160624,EQ,0.1,0.05,1.0
2019-05-10,UVSL,UVSL|20160624,EQ,0.1,0.05,1.0
2019-05-14,UVSL,UVSL|20160624,EQ,0.1,0.05,1.0
2019-05-21,UVSL,UVSL|20160624,EQ,0.1,0.05,1.0
2019-06-06,UVSL,UVSL|20160624,BE,0.1,0.05,1.0
2019-06-10,UVSL,UVSL|20160624,EQ,0.1,0.05,1.0
2019-06-14,UVSL,UVSL|20160624,EQ,0.1,0.05,1.0
2019-06-19,UVSL,UVSL|20160624,BE,0.1,0.05,1.0
2019-06-24,UVSL,UVSL|20160624,BE,0.1,0.05,1.0
2019-06-28,UVSL,UVSL|20160624,BE,0.1,0.05,1.0
2019-07-04,UVSL,UVSL|20160624,EQ,0.1,0.05,1.0
2019-07-11,UVSL,UVSL|20160624,EQ,0.1,0.05,1.0
2019-07-15,UVSL,UVSL|20160624,EQ,0.1,0.05,1.0
2019-07-18,UVSL,UVSL|20160624,EQ,0.1,0.05,1.0
2019-07-23,UVSL,UVSL|20160624,EQ,0.1,0.05,1.0
2019-07-26,UVSL,UVSL|20160624,EQ,0.1,0.05,1.0
2019-08-14,UVSL,UVSL|20160624,BE,0.1,0.05,1.0
2019-09-18,UVSL,UVSL|20160624,EQ,0.1,0.05,1.0
2019-09-24,UVSL,UVSL|20160624,EQ,0.1,0.05,1.0
2019-10-07,UVSL,UVSL|20160624,EQ,0.1,0.05,1.0
2019-10-10,UVSL,UVSL|20160624,EQ,0.1,0.05,1.0
2019-10-30,UVSL,UVSL|20160624,EQ,0.1,0.05,1.0
2019-11-07,UVSL,UVSL|20160624,BE,0.1,0.05,1.0
2019-11-13,UVSL,UVSL|20160624,BE,0.1,0.05,1.0
2019-11-15,UVSL,UVSL|20160624,BE,0.1,0.05,1.0
2020-02-04,UVSL,UVSL|20160624,EQ,0.1,0.05,1.0
2020-02-14,UVSL,UVSL|20160624,EQ,0.1,0.05,1.0
2020-02-24,UVSL,UVSL|20160624,EQ,0.1,0.05,1.0
2020-02-27,UVSL,UVSL|20160624,EQ,0.1,0.05,1.0
2020-03-03,UVSL,UVSL|20160624,EQ,0.1,0.05,1.0
2020-03-16,UVSL,UVSL|20160624,BE,0.1,0.05,1.0
2020-03-18,UVSL,UVSL|20160624,BE,0.1,0.05,1.0
2020-03-24,UVSL,UVSL|20160624,BE,0.1,0.05,1.0
2020-03-26,UVSL,UVSL|20160624,BE,0.1,0.05,1.0
2020-03-31,UVSL,UVSL|20160624,BE,0.1,0.05,1.0
2020-04-03,UVSL,UVSL|20160624,BE,0.1,0.05,1.0
2020-04-08,UVSL,UVSL|20160624,BE,0.1,0.05,1.0
2020-04-16,UVSL,UVSL|20160624,BE,0.1,0.05,1.0
2023-08-11,VCL-RE,VCL-RE|20230807,BE,0.1,0.05,1.0
2025-07-11,VERTOZ,VERTOZ|20200514,BE,87.11,9.81,7.879714576962282
2015-03-31,VISESHINFO,VISESHINFO|20060102,EQ,0.1,0.05,1.0
2015-07-29,VISESHINFO,VISESHINFO|20060102,EQ,0.1,0.05,1.0
2015-07-31,VISESHINFO,VISESHINFO|20060102,EQ,0.1,0.05,1.0
2015-08-21,VISESHINFO,VISESHINFO|20060102,EQ,0.1,0.05,1.0
2015-08-31,VISESHINFO,VISESHINFO|20060102,EQ,0.1,0.05,1.0
2015-09-08,VISESHINFO,VISESHINFO|20060102,EQ,0.1,0.05,1.0
2015-09-10,VISESHINFO,VISESHINFO|20060102,EQ,0.1,0.05,1.0
2015-09-15,VISESHINFO,VISESHINFO|20060102,EQ,0.1,0.05,1.0
2015-09-29,VISESHINFO,VISESHINFO|20060102,EQ,0.1,0.05,1.0
2015-10-01,VISESHINFO,VISESHINFO|20060102,EQ,0.1,0.05,1.0
2015-10-08,VISESHINFO,VISESHINFO|20060102,EQ,0.1,0.05,1.0
2015-10-16,VISESHINFO,VISESHINFO|20060102,EQ,0.1,0.05,1.0
2015-10-23,VISESHINFO,VISESHINFO|20060102,EQ,0.1,0.05,1.0
2015-11-09,VISESHINFO,VISESHINFO|20060102,EQ,0.1,0.05,1.0
2015-11-13,VISESHINFO,VISESHINFO|20060102,EQ,0.1,0.05,1.0
2015-11-19,VISESHINFO,VISESHINFO|20060102,EQ,0.1,0.05,1.0
2015-12-23,VISESHINFO,VISESHINFO|20060102,EQ,0.1,0.05,1.0
2016-02-19,VISESHINFO,VISESHINFO|20060102,BE,0.1,0.05,1.0
2016-02-23,VISESHINFO,VISESHINFO|20060102,BE,0.1,0.05,1.0
2016-03-04,VISESHINFO,VISESHINFO|20060102,BE,0.1,0.05,1.0
2016-03-09,VISESHINFO,VISESHINFO|20060102,EQ,0.1,0.05,1.0
2016-03-11,VISESHINFO,VISESHINFO|20060102,EQ,0.1,0.05,1.0
2016-03-28,VISESHINFO,VISESHINFO|20060102,EQ,0.1,0.05,1.0
2016-03-30,VISESHINFO,VISESHINFO|20060102,EQ,0.1,0.05,1.0
2016-04-05,VISESHINFO,VISESHINFO|20060102,EQ,0.1,0.05,1.0
2016-04-07,VISESHINFO,VISESHINFO|20060102,EQ,0.1,0.05,1.0
2016-04-21,VISESHINFO,VISESHINFO|20060102,EQ,0.1,0.05,1.0
2016-04-27,VISESHINFO,VISESHINFO|20060102,EQ,0.1,0.05,1.0
2016-05-04,VISESHINFO,VISESHINFO|20060102,EQ,0.1,0.05,1.0
2016-05-11,VISESHINFO,VISESHINFO|20060102,BE,0.1,0.05,1.0
2016-05-18,VISESHINFO,VISESHINFO|20060102,BE,0.1,0.05,1.0
2016-05-30,VISESHINFO,VISESHINFO|20060102,BE,0.1,0.05,1.0
2016-06-08,VISESHINFO,VISESHINFO|20060102,EQ,0.1,0.05,1.0
2016-06-10,VISESHINFO,VISESHINFO|20060102,EQ,0.1,0.05,1.0
2016-06-14,VISESHINFO,VISESHINFO|20060102,EQ,0.1,0.05,1.0
2016-06-17,VISESHINFO,VISESHINFO|20060102,EQ,0.1,0.05,1.0
2016-06-23,VISESHINFO,VISESHINFO|20060102,EQ,0.1,0.05,1.0
2016-07-01,VISESHINFO,VISESHINFO|20060102,EQ,0.1,0.05,1.0
2016-08-19,VISESHINFO,VISESHINFO|20060102,BE,0.1,0.05,1.0
2016-08-25,VISESHINFO,VISESHINFO|20060102,BE,0.1,0.05,1.0
2016-08-29,VISESHINFO,VISESHINFO|20060102,BE,0.1,0.05,1.0
2016-09-15,VISESHINFO,VISESHINFO|20060102,EQ,0.1,0.05,1.0
2018-01-11,VISESHINFO,VISESHINFO|20060102,EQ,0.1,0.05,1.0
2018-06-27,VISESHINFO,VISESHINFO|20060102,EQ,0.1,0.05,1.0
2018-07-10,VISESHINFO,VISESHINFO|20060102,EQ,0.1,0.05,1.0
2018-07-18,VISESHINFO,VISESHINFO|20060102,EQ,0.1,0.05,1.0
2018-07-20,VISESHINFO,VISESHINFO|20060102,EQ,0.1,0.05,1.0
2018-09-05,VISESHINFO,VISESHINFO|20060102,EQ,0.1,0.05,1.0
2018-09-21,VISESHINFO,VISESHINFO|20060102,EQ,0.1,0.05,1.0
2018-09-26,VISESHINFO,VISESHINFO|20060102,EQ,0.1,0.05,1.0
2018-10-05,VISESHINFO,VISESHINFO|20060102,EQ,0.1,0.05,1.0
2018-10-19,VISESHINFO,VISESHINFO|20060102,EQ,0.1,0.05,1.0
2018-10-30,VISESHINFO,VISESHINFO|20060102,EQ,0.1,0.05,1.0
2018-11-07,VISESHINFO,VISESHINFO|20060102,EQ,0.1,0.05,1.0
2018-11-28,VISESHINFO,VISESHINFO|20060102,EQ,0.1,0.05,1.0
2018-11-30,VISESHINFO,VISESHINFO|20060102,EQ,0.1,0.05,1.0
2018-12-05,VISESHINFO,VISESHINFO|20060102,EQ,0.1,0.05,1.0
2018-12-14,VISESHINFO,VISESHINFO|20060102,EQ,0.1,0.05,1.0
2018-12-20,VISESHINFO,VISESHINFO|20060102,EQ,0.1,0.05,1.0
2018-12-26,VISESHINFO,VISESHINFO|20060102,EQ,0.1,0.05,1.0
2018-12-28,VISESHINFO,VISESHINFO|20060102,EQ,0.1,0.05,1.0
2019-01-03,VISESHINFO,VISESHINFO|20060102,EQ,0.1,0.05,1.0
2019-01-09,VISESHINFO,VISESHINFO|20060102,BE,0.1,0.05,1.0
2019-01-17,VISESHINFO,VISESHINFO|20060102,BE,0.1,0.05,1.0
2019-01-21,VISESHINFO,VISESHINFO|20060102,EQ,0.1,0.05,1.0
2019-01-25,VISESHINFO,VISESHINFO|20060102,EQ,0.1,0.05,1.0
2019-01-31,VISESHINFO,VISESHINFO|20060102,BE,0.1,0.05,1.0
2019-02-05,VISESHINFO,VISESHINFO|20060102,BE,0.1,0.05,1.0
2019-02-11,VISESHINFO,VISESHINFO|20060102,EQ,0.1,0.05,1.0
2019-02-22,VISESHINFO,VISESHINFO|20060102,BE,0.1,0.05,1.0
2019-03-01,VISESHINFO,VISESHINFO|20060102,BE,0.1,0.05,1.0
2019-03-07,VISESHINFO,VISESHINFO|20060102,EQ,0.1,0.05,1.0
2019-03-19,VISESHINFO,VISESHINFO|20060102,BE,0.1,0.05,1.0
2019-03-25,VISESHINFO,VISESHINFO|20060102,BE,0.1,0.05,1.0
2019-04-03,VISESHINFO,VISESHINFO|20060102,EQ,0.1,0.05,1.0
2019-04-12,VISESHINFO,VISESHINFO|20060102,BE,0.1,0.05,1.0
2019-04-24,VISESHINFO,VISESHINFO|20060102,BE,0.1,0.05,1.0
2019-04-26,VISESHINFO,VISESHINFO|20060102,BE,0.1,0.05,1.0
2019-05-13,VISESHINFO,VISESHINFO|20060102,BE,0.1,0.05,1.0
2019-05-15,VISESHINFO,VISESHINFO|20060102,BE,0.1,0.05,1.0
2019-05-17,VISESHINFO,VISESHINFO|20060102,BE,0.1,0.05,1.0
2019-05-24,VISESHINFO,VISESHINFO|20060102,BE,0.1,0.05,1.0
2019-05-29,VISESHINFO,VISESHINFO|20060102,BE,0.1,0.05,1.0
2019-06-06,VISESHINFO,VISESHINFO|20060102,BE,0.1,0.05,1.0
2019-06-14,VISESHINFO,VISESHINFO|20060102,BE,0.1,0.05,1.0
2019-06-20,VISESHINFO,VISESHINFO|20060102,BE,0.1,0.05,1.0
2019-06-28,VISESHINFO,VISESHINFO|20060102,EQ,0.1,0.05,1.0
2019-07-02,VISESHINFO,VISESHINFO|20060102,EQ,0.1,0.05,1.0
2019-07-08,VISESHINFO,VISESHINFO|20060102,EQ,0.1,0.05,1.0
2019-07-15,VISESHINFO,VISESHINFO|20060102,EQ,0.1,0.05,1.0
2019-07-19,VISESHINFO,VISESHINFO|20060102,EQ,0.1,0.05,1.0
2019-07-25,VISESHINFO,VISESHINFO|20060102,EQ,0.1,0.05,1.0
2019-07-29,VISESHINFO,VISESHINFO|20060102,EQ,0.1,0.05,1.0
2019-08-01,VISESHINFO,VISESHINFO|20060102,EQ,0.1,0.05,1.0
2019-08-06,VISESHINFO,VISESHINFO|20060102,BE,0.1,0.05,1.0
2019-08-16,VISESHINFO,VISESHINFO|20060102,BE,0.1,0.05,1.0
2019-08-23,VISESHINFO,VISESHINFO|20060102,EQ,0.1,0.05,1.0
2019-08-30,VISESHINFO,VISESHINFO|20060102,BE,0.1,0.05,1.0
2019-09-06,VISESHINFO,VISESHINFO|20060102,BE,0.1,0.05,1.0
2019-09-20,VISESHINFO,VISESHINFO|20060102,BE,0.1,0.05,1.0
2019-09-24,VISESHINFO,VISESHINFO|20060102,BE,0.1,0.05,1.0
2019-10-14,VISESHINFO,VISESHINFO|20060102,BE,0.1,0.05,1.0
2019-10-22,VISESHINFO,VISESHINFO|20060102,BE,0.1,0.05,1.0
2019-11-05,VISESHINFO,VISESHINFO|20060102,BE,0.1,0.05,1.0
2019-11-08,VISESHINFO,VISESHINFO|20060102,BE,0.1,0.05,1.0
2019-11-20,VISESHINFO,VISESHINFO|20060102,BE,0.1,0.05,1.0
2019-11-25,VISESHINFO,VISESHINFO|20060102,BE,0.1,0.05,1.0
2019-11-28,VISESHINFO,VISESHINFO|20060102,BE,0.1,0.05,1.0
2019-12-05,VISESHINFO,VISESHINFO|20060102,BE,0.1,0.05,1.0
2019-12-13,VISESHINFO,VISESHINFO|20060102,BE,0.1,0.05,1.0
2019-12-19,VISESHINFO,VISESHINFO|20060102,BE,0.1,0.05,1.0
2019-12-27,VISESHINFO,VISESHINFO|20060102,BE,0.1,0.05,1.0
2020-01-02,VISESHINFO,VISESHINFO|20060102,BE,0.1,0.05,1.0
2020-01-10,VISESHINFO,VISESHINFO|20060102,BE,0.1,0.05,1.0
2020-01-17,VISESHINFO,VISESHINFO|20060102,BE,0.1,0.05,1.0
2020-01-21,VISESHINFO,VISESHINFO|20060102,BE,0.1,0.05,1.0
2020-01-24,VISESHINFO,VISESHINFO|20060102,BE,0.1,0.05,1.0
2020-01-30,VISESHINFO,VISESHINFO|20060102,BE,0.1,0.05,1.0
2020-02-03,VISESHINFO,VISESHINFO|20060102,BE,0.1,0.05,1.0
2020-02-07,VISESHINFO,VISESHINFO|20060102,BE,0.1,0.05,1.0
2020-02-13,VISESHINFO,VISESHINFO|20060102,BE,0.1,0.05,1.0
2020-02-18,VISESHINFO,VISESHINFO|20060102,BE,0.1,0.05,1.0
2020-02-26,VISESHINFO,VISESHINFO|20060102,BE,0.1,0.05,1.0
2020-02-28,VISESHINFO,VISESHINFO|20060102,BE,0.1,0.05,1.0
2021-03-01,VISESHINFO,VISESHINFO|20060102,BE,0.1,0.05,1.0
2021-04-26,VISESHINFO,VISESHINFO|20060102,BE,0.1,0.05,1.0
2021-05-24,VISESHINFO,VISESHINFO|20060102,BE,0.1,0.05,1.0
2017-07-17,VISUINTL,VISUINTL|20061229,BE,0.1,0.05,1.0
2017-09-04,VISUINTL,VISUINTL|20061229,BZ,0.05,5.0,-0.99
2025-12-18,VIVIMEDLAB,VIVIMEDLAB|20060102,BE,26.6,1.0,25.6
2015-11-30,VKSPL,VKSPL|20120718,EQ,0.1,0.05,1.0
2016-03-01,VKSPL,VKSPL|20120718,EQ,0.1,0.05,1.0
2016-03-31,VKSPL,VKSPL|20120718,EQ,0.1,0.05,1.0
2016-04-08,VKSPL,VKSPL|20120718,EQ,0.1,0.05,1.0
2016-04-25,VKSPL,VKSPL|20120718,EQ,0.1,0.05,1.0
2016-05-02,VKSPL,VKSPL|20120718,EQ,0.1,0.05,1.0
2016-05-18,VKSPL,VKSPL|20120718,EQ,0.1,0.05,1.0
2016-05-27,VKSPL,VKSPL|20120718,EQ,0.1,0.05,1.0
2016-05-31,VKSPL,VKSPL|20120718,EQ,0.1,0.05,1.0
2016-06-30,VKSPL,VKSPL|20120718,BE,0.1,0.05,1.0
2016-07-12,VKSPL,VKSPL|20120718,EQ,0.1,0.05,1.0
2016-07-15,VKSPL,VKSPL|20120718,EQ,0.1,0.05,1.0
2016-08-25,VKSPL,VKSPL|20120718,BE,0.1,0.05,1.0
2016-08-29,VKSPL,VKSPL|20120718,BE,0.1,0.05,1.0
2016-09-06,VKSPL,VKSPL|20120718,BE,0.1,0.05,1.0
2016-09-15,VKSPL,VKSPL|20120718,EQ,0.1,0.05,1.0
2016-10-06,VKSPL,VKSPL|20120718,EQ,0.1,0.05,1.0
2016-10-14,VKSPL,VKSPL|20120718,EQ,0.1,0.05,1.0
2016-10-19,VKSPL,VKSPL|20120718,EQ,0.1,0.05,1.0
2016-10-25,VKSPL,VKSPL|20120718,EQ,0.1,0.05,1.0
2016-10-27,VKSPL,VKSPL|20120718,EQ,0.1,0.05,1.0
2016-11-09,VKSPL,VKSPL|20120718,EQ,0.1,0.05,1.0
2017-03-23,VKSPL,VKSPL|20120718,BE,0.1,0.05,1.0
2017-03-27,VKSPL,VKSPL|20120718,BE,0.1,0.05,1.0
2017-03-29,VKSPL,VKSPL|20120718,BE,0.1,0.05,1.0
2017-03-31,VKSPL,VKSPL|20120718,BE,0.1,0.05,1.0
2017-04-07,VKSPL,VKSPL|20120718,BE,0.1,0.05,1.0
2017-04-17,VKSPL,VKSPL|20120718,BE,0.1,0.05,1.0
2006-09-22,VOLTAS,VOLTAS|20060102,EQ,110.8,1073.7,-0.896805439135699
2010-12-08,WEIZMANIND,WEIZMANIND|20060102,BE,27.35,82.65,-0.6690865093768905
2020-04-07,WINSOME,WINSOME|20110825,BZ,0.1,0.05,1.0
2023-09-26,WINSOME,WINSOME|20110825,BE,8.55,1.0,7.550000000000001
2008-06-27,CAMBRIDGE,XCHANGING|20060102,BE,56.7,10.0,4.67
2020-03-06,YESBANK,YESBANK|20060102,EQ,16.15,36.8,-0.5611413043478262
2020-03-17,YESBANK,YESBANK|20060102,EQ,58.65,37.1,0.5808625336927222
2010-04-15,ZEENEWS,ZEEMEDIA|20070110,EQ,18.35,75.35,-0.5129396151293961
