,momentum12_top10,momentum12_top20,momentum6_top10,momentum6_top20,reversal_top10,reversal_top20,low_vol12_top10,low_vol12_top20,low_vol6_top10,low_vol6_top20,high_52w_top10,high_52w_top20
2011-08,-0.07072427573927266,-0.0671770163982337,-0.06424276320159436,-0.06448054756223467,-0.17415213828371923,-0.15081451500646245,-0.06144995623558564,-0.058505259089412905,-0.04267944246992696,-0.056427993326883814,-0.04714447015435867,-0.05317137252606754
2011-09,-0.015532283156800879,-0.034316653920311774,-0.010342700986531214,-0.03325192632271134,-0.011343167998099287,-0.02515457869119156,-0.016535240878537385,-0.02964027905486111,-0.028406446841979394,-0.028834195527749167,-0.02344829650642201,-0.030160556737968993
2011-10,0.009767008570660362,0.026188478724989802,0.017718318305600868,0.02049189918397314,0.04792595862672123,0.035691741726008606,0.028857401586946316,0.024948779838129948,0.019314007738782665,0.021233294043018915,0.02331932912381999,0.031150341525359646
2011-11,-0.07211292811544458,-0.06608478340693373,-0.08797298151747321,-0.07013701358319345,-0.16275496524331057,-0.1294978027822111,-0.03102563545022306,-0.045461409363460076,-0.052938078699959305,-0.053154432627526005,-0.07436247042362626,-0.06152551414683004
2011-12,-0.12724402857750833,-0.10994721754320604,-0.11778487308071761,-0.10273340112738437,-0.1584504185864355,-0.16536670652866944,-0.058310956742731686,-0.06616710639902007,-0.06851159234367613,-0.07560633065206533,-0.08270276523669173,-0.08350991935358772
2012-01,0.10379817054589892,0.08627160195477793,0.08761696799840368,0.10320148387305574,0.2543430759414481,0.26780139934636343,0.042215691083088376,0.07104012985194884,0.061276700991191244,0.07193424991455981,0.04774329168163673,0.06130069377881043
2012-02,0.07947434816526806,0.07283781055405829,0.06217640925910591,0.05986254712758274,0.059503783721472844,0.057459439704639355,0.04208722727788747,0.0558661511200085,0.0306549344386063,0.05037193161584016,0.08736617846492017,0.07340610348457538
2012-03,0.004428122532136538,0.018396881621398402,-0.0018827438908024414,-0.000771063661242266,-0.025932560435765292,-0.027468054739009793,0.02410711457726617,0.015310401038700686,0.018526660985962593,0.013627988825959152,0.0335340448339029,0.023985529110940776
2012-04,0.06099154469290921,0.034291464120548155,0.024584127208099944,0.011797181815787927,-0.03158943771331291,-0.01599356214346958,0.006067659027334494,0.0011536568856361212,0.00722378991058625,0.00107019549901713,0.036974961329406406,0.0306325364968577
2012-05,-0.030843526058430236,-0.042087480532658234,-0.08206089740453715,-0.06696203665157305,-0.11880479515476988,-0.11036400811582474,-0.030270186273411024,-0.0343070618328265,-0.028405558555910967,-0.02719247015977663,-0.03695832537295326,-0.03342198108835207
2012-06,0.03954838174457391,0.03577801300067641,0.06799292381277225,0.0694258435049169,0.1253014939879793,0.12186475827787673,0.02385971885330144,0.03549143386362537,0.02580414808881825,0.03332868476497443,0.017154020890455285,0.023183721549219948
2012-07,0.0014370082221834709,0.004945891758252502,0.0011611708502480625,0.00020504217340208843,-0.035413700913646186,-0.02077043174190514,0.0005908707190733065,-0.0006758607330908627,-0.005665414950325381,-0.0067032756122571285,0.02416328796282783,0.010346342957851187
2012-08,0.01870275065606258,0.00858394402359436,-0.003743966927037917,0.008303577827210614,-0.059041571487735874,-0.03785398962068263,0.01110094633331603,0.013993093246047281,0.011765692259101313,0.008028978007363458,0.03669456905366127,0.02539609597315012
2012-09,0.09831951002866811,0.08536941390204607,0.08116242099062623,0.07776695488715243,0.18315422043216165,0.15876578579949252,0.02753153218168977,0.03904116478570902,0.03910413990996089,0.04697750734665308,0.0560637456470401,0.057843966293129954
2012-10,-0.0001899391560413119,-0.001891772693752923,-0.005368827331327206,0.003256664106110243,-0.00878776703380212,-0.011360347181197883,0.0026252750185416004,0.009377336574306134,-0.0028950143905590534,0.000909065702449377,-0.00605406944700871,0.008785677502471756
2012-11,0.04637034957231737,0.04427273519742327,0.06761687922195861,0.04711817813552599,0.014555474736702292,0.023779133434169715,0.047196555324124555,0.041035952340259176,0.04732320831699323,0.04698420467336763,0.06099650966640149,0.06522867201482742
2012-12,0.0014086007863119538,0.005634405136523885,-0.007638972913971563,0.010102748017451457,-0.016172874737208364,-0.006476355925116485,0.025529614382267026,0.024543123548957817,0.030381365525147364,0.027805341525300196,0.003693872395776099,0.024211557408401516
2013-01,-0.020877396230780058,-0.03393326769542809,-0.030602145594386457,-0.027305800720261845,-0.09387938839381671,-0.06610276380801733,-0.0009156415325483942,-0.012134981745554394,-0.005812806203052951,-0.005791478868392119,-0.014241075291431182,-0.017295465463595432
2013-02,-0.13692679237565475,-0.11362205239063758,-0.1703991004961212,-0.15835660079909436,-0.18008603581427127,-0.1612561548917994,-0.05737977636916963,-0.058901436736828745,-0.06020917818423727,-0.0745383020859542,-0.048124305357466715,-0.053558544973938346
2013-03,-0.04344823757392588,-0.03219354882098174,-0.07497152463053117,-0.06675291901394895,-0.15850972527746918,-0.10994318415433252,0.0010144275842106885,-0.011480461613819241,0.0019353185074387066,-0.0071372874163790284,0.013117490086941111,-0.0032629747763078037
2013-04,0.04316715762188339,0.04729218248144298,0.049892251558843276,0.05087938005277014,0.1347717814200738,0.10807745758273132,0.04271554790136875,0.03327963232570384,0.03591747880646928,0.04035616875873317,-0.008181711776088807,0.009403621152040596
2013-05,0.028364857943370497,0.03420478251330334,0.010835506196681308,0.023894932756437812,-0.00715838291705081,-0.015668021763783305,0.02364405068336032,0.011801770455518262,0.02891550729200872,0.01736047621151466,0.05262322138125408,0.041624893429846536
2013-06,-0.0535701979560635,-0.05394397008384462,-0.05151707565798861,-0.049885952278064444,-0.12619228381073633,-0.1157271923980251,-0.03378373483746412,-0.03158402963966366,-0.03715123096175694,-0.03178657839608191,-0.03345755800676445,-0.0397937606420647
2013-07,-0.03689272226248416,-0.05460053026569808,0.013875321142005747,-0.024620231301766687,-0.11778192453564476,-0.1280767438137612,-0.030894732766108084,-0.019643616211507044,-0.020067745285941338,-0.02326980039985462,0.002585950570165946,0.003198944404450615
2013-08,-0.011921549156609939,-0.036349821167502884,-0.0171473815881929,-0.02583304696581375,-0.034850578055406665,-0.032158417833433595,-0.044456219775799034,-0.04017033385799162,-0.061864560964346775,-0.04007346931899139,-0.01947482351861465,-0.03287368604688639
2013-09,0.06905645091286931,0.06759294143156615,0.07912536199463231,0.06167712792417252,0.09402985024952246,0.07990307868403519,0.02986434812475325,0.036874247274001834,0.026747412908640883,0.03891856380849646,0.051535292304542124,0.04253090736550164
2013-10,0.08232184683052134,0.07391469904358455,0.08235293503191496,0.07548640564248939,0.09396372111172012,0.0808537985635713,0.027765605860989265,0.04332260505995332,0.04325614421225009,0.04792834603817983,0.0575519758979994,0.05814201941663681
2013-11,0.03962942692065888,0.03449113065486107,0.037809076295485994,0.0351209710225931,-0.004433204471155843,0.01737602059333922,0.0412118251020132,0.03411502797140438,0.04175670255172827,0.03865084354324543,0.05757417534339978,0.04972010065609511
2013-12,0.04932089108050189,0.06735785900765986,0.09245547375197395,0.08332843982373787,0.06144407993703018,0.05028631965247327,0.044993559729580475,0.04871649646441886,0.04192730146437946,0.04564452593447524,0.08070454473129925,0.06896336506876023
2014-01,0.0059662013183508465,-0.007030764332442499,-0.017309887490037725,-0.03732246755888677,-0.0735025179341891,-0.055990649784986524,-0.04118327309418553,-0.03042013211561642,-0.02048459244167233,-0.019982256204500937,0.006241612385065076,-0.007289026462479942
2014-02,0.09540846992931161,0.06885613278401154,0.053360640583140315,0.0476698642053569,0.02123982253866783,0.02825902556456207,0.019714829115521207,0.024532190762870686,0.012144078420946447,0.018230161307363935,0.08647063722208262,0.06495461550214927
2014-03,0.03976314991457157,0.02832643479619721,0.08702984830171416,0.10346025231202313,0.16078553158665287,0.15753607230133676,0.07185674406785211,0.06770572609691945,0.062053261385341736,0.07886471589599313,0.06059582393958946,0.0506600777410485
2014-04,0.05373986306130551,0.057080322412086104,0.05896348474495808,0.06240915907496385,0.041099088382332456,0.051643191204321995,0.010190111462564025,0.008713515066035906,-0.001444800214608035,0.01364657363342915,0.009200412887583534,0.021445303158264283
2014-05,0.10426710853865956,0.11850988288403118,0.13875345299820044,0.16592558832596327,0.14791368374716474,0.15050775829273497,0.0780083546501501,0.08882977950490888,0.06672036298269625,0.08239914023755882,0.13530364047724358,0.13410101351282663
2014-06,0.1753928318631371,0.1520434915721915,0.1651213750939959,0.14848560041657663,0.1167615726947474,0.123167509834482,0.07799990863114642,0.08730179818504731,0.08208280355350231,0.08784589057024392,0.06030017612558382,0.09096033101037466
2014-07,-0.0021233899723852915,-0.011390350125930242,-0.009755671116680445,-0.022013043251571898,-0.006301858867993638,-0.0134593545665887,0.008062145474655693,0.005429335484874392,0.006813791615040329,0.007338184990204893,-0.01875054657474561,-0.01720489067899151
2014-08,0.06796514726432752,0.06479260605861278,0.01851081161620631,0.04590286287579746,-0.021451492164022166,-0.017156342950811854,0.03727783391101638,0.05087010440434271,0.03693788238012711,0.05125431820956129,0.0761934183768742,0.08010804568408772
2014-09,0.09586142032588095,0.07848402403660061,0.07667849656619795,0.06038192539355942,-0.05272911797848113,-0.026503847384267552,0.04625422571505218,0.04482856640825351,0.05651275120483651,0.04207246462059468,0.040038185203734714,0.04669249920777412
2014-10,0.0601748512206784,0.039199479473100894,0.02945114160494309,0.04344247973208505,0.07473887461375796,0.07177101244816085,0.023205133624775696,0.021956716779768133,0.02771221397769671,0.0233050596049887,0.014976759309750358,0.012015939037069859
2014-11,0.05000184357062444,0.032330351550670704,0.03570252771371027,0.03556111351806496,0.022690600590215028,0.008727799671592816,0.031459799762695834,0.03162528503986563,0.04892483038030312,0.03767610367114169,0.07598006519860842,0.06691970210596589
2014-12,-0.0024123193143449784,-0.003774957266173391,-0.001872783378585403,-0.002451295507196582,-0.03999652518779344,-0.04186410455159185,-0.007882649790662938,0.0007994671907616149,-0.005316994197233171,0.0032538478341970576,0.03454794327929637,0.01644430155958002
2015-01,0.05292662251108233,0.045255854156982654,0.032154172290177876,0.04266617408339878,0.014691200337908078,0.02676480572797211,0.06021279035622852,0.05653068150681212,0.05570628165256229,0.049774612807353145,0.0608999884979001,0.054944164459071576
2015-02,-0.010473090263841094,0.004276301268981846,-0.021839170903716523,0.0038438882323526434,-0.04088546822350377,-0.013565495820698091,0.011332403266214304,0.01818427976648932,0.00706260848748206,0.013335599917163246,0.002849712902233318,0.02294738712646128
2015-03,0.018058932095545793,0.027643069680327623,0.01516789232224288,-0.002545324310767669,-0.04666767237812954,-0.051228860957104494,-0.010463141004442617,-0.011825473640281834,-0.0072422644226892065,-0.019279289183281496,-0.004729131850690897,-0.007098715224874739
2015-04,-0.0045912837446457026,-0.017374119208135967,-0.05267086458638322,-0.03139955200943187,0.02264920731770652,0.021384421797537866,-0.03191251631911186,-0.028832658324565698,-0.034791527478478294,-0.02083087633678962,-0.035871864368641995,-0.03322260572889498
2015-05,0.03242249938849299,0.03519535051134241,0.05319742353332092,0.038066606579745685,0.02458810518580543,0.015049823497678357,0.022421178286992183,0.02290496548249449,0.02040793319428157,0.021389514537027844,0.026382730395311218,0.014680873984136103
2015-06,0.00027189896236476255,0.0041248731749563075,-0.020417151007957636,-0.016099610222943872,-0.04803253552369858,-0.029376790948653236,-0.009802218501006476,-0.015082030193778337,-0.009232279117048652,-0.014444943361727504,0.011820498992175119,0.01334316162386175
2015-07,0.14688250414832543,0.1276674646564066,0.1546216165736238,0.11606959558841781,0.11533970024640089,0.08912320438993218,0.027063034312923843,0.032006700669536425,0.050370811807409814,0.03285984039742154,0.10403708069861908,0.08390395325879069
2015-08,-0.11256860375852394,-0.10033406539667747,-0.10987129972678397,-0.10031729580471482,-0.09409883656881222,-0.09446212946833345,-0.04824306711600452,-0.05545681954470271,-0.03713648941253342,-0.05546960710213881,-0.07071735670061131,-0.07193672494787459
2015-09,0.030878363807865874,0.024237032815259085,0.020290899376692543,0.03145522348221691,0.023818922907013006,0.024907442829279553,0.02148768961683995,0.01325342082567849,0.01272914834327214,0.014711588850708177,0.015792981096473438,0.02083528814086942
2015-10,0.03119603583879158,0.026727858989210755,0.049708754149698185,0.03429577683757908,0.06780041451922156,0.05838313731952079,0.005933108800846316,0.018652125928944847,0.005097353631883638,0.02041064051107237,0.006299650377062839,0.011903811980681642
2015-11,0.07770014441319473,0.05678260171916156,0.08002489395144428,0.05071622768274546,0.003625785379483652,0.00424444332910487,0.006330288777125921,0.006356086080308754,0.009037377255345407,0.005719337653851116,0.033922710110517534,0.0344334589203431
2015-12,0.013385886817964817,0.02137086494543078,0.01875839740321182,0.025772317068145482,0.006435425040897968,0.012356090750666819,0.017686940472869193,0.013904025970382343,0.0178661910986265,0.02156133757063025,0.006563722193026786,0.019921526560508426
2016-01,-0.09782255434549456,-0.10269330462181561,-0.08999091524468215,-0.10157808113448029,-0.12508630240705285,-0.11129920370623057,-0.03848540025578361,-0.05242205074228579,-0.038794634972707416,-0.047453919037308494,-0.07257141005614463,-0.06902008414584508
2016-02,-0.20739306260972631,-0.19048220696072227,-0.18791575821446965,-0.17207504802593446,-0.17659819524367293,-0.17297534526236205,-0.07605574177693353,-0.0690808756604209,-0.048927430983135956,-0.06664319780529042,-0.08950859694225709,-0.10369975628344182
2016-03,0.18203917571315986,0.16079634333641962,0.18044196810871457,0.14841588722041357,0.1965675897461432,0.19094982743420472,0.08252420563537481,0.07759271270928506,0.0808765691182292,0.08340554581281394,0.06791337798291654,0.07039672306349608
2016-04,0.07123140740289474,0.06104182118115198,0.03817368902830377,0.04023334112050672,0.024593856807177652,0.03701874579885253,0.02498984033746648,0.03532157634234856,0.023448416827744865,0.03876872444270611,0.03050398854180591,0.026789617122514757
2016-05,-0.026515981873178697,-0.009857022680404948,0.017729337394768962,0.015997857293726696,-0.008525420251314022,-0.00023042388208756952,0.04782960133719396,0.04430624224759556,0.032187498731485194,0.032318470902744055,0.05578849735578498,0.04820426520527955
2016-06,0.09075664087330157,0.07113260781295319,0.11511086156591951,0.09303522598590752,0.08413880338751802,0.08191011916252668,0.0341131887877304,0.051043373687030894,0.039279710335317304,0.03937146657851014,0.053386848459344445,0.05547469932462401
2016-07,0.04623120257704373,0.042455104899658175,0.07145830334447094,0.05527802149639131,0.02965054269087168,0.0524978566900595,0.04124129882290002,0.05081407963751025,0.050986355085055446,0.051004807176591976,0.05781702406961268,0.06268245898466455
2016-08,-0.02479213210950354,-0.005074280578220996,-0.0045037876317656645,0.008809350614515954,0.0014165488920293247,-0.00894081788011114,0.012879080170593731,0.024856629661486777,0.013900169468280328,0.02694376907397172,0.03127675399212318,0.03234335355269996
2016-09,0.03717417429511023,0.01883678599666925,0.02517227626226704,0.01909372549455906,0.026139812145538132,0.014951765956453708,0.0052722051984099155,-7.587829080875656e-05,-0.0026618922107964904,-0.003783386471706179,0.009660740348663285,0.02132031520867178
2016-10,0.07103366079502473,0.08079391914028723,0.10384507265457907,0.08523192304348112,0.05170257299489049,0.04652453321128666,0.020398775176284255,0.019685576208312905,0.018696799148424585,0.026372606236359654,0.034269484146862345,0.04670567238066588
2016-11,-0.16401836407729914,-0.11688144412523334,-0.14774358159578949,-0.12917401768212275,-0.07433829967874125,-0.06411213218737076,-0.058125412770653404,-0.059390065401760034,-0.04893413229397636,-0.057055178751347316,-0.09984360979579512,-0.08722918273395663
2016-12,-0.031806059987865086,-0.041387670633585595,-0.03484103525539296,-0.03567500717542773,-0.018842747949961085,-0.02556538009810714,-0.012055608667965484,-0.01627041272321005,-0.010511380023582973,-0.0101369582235257,-0.03423892398932939,-0.025244651701585533
2017-01,0.12340419701402423,0.10040609435303449,0.0619868571003248,0.0847935099430597,0.09394096500972823,0.08882744425834267,0.030523004739226027,0.04293565266843257,0.03083033573178883,0.044425535328502415,0.06715840767400896,0.06584174729549894
2017-02,0.056495729218121286,0.042009861077915475,0.021109828285706095,0.033875500758584864,0.01887415245383341,0.0427439376507368,0.030941596828113014,0.036568579449940505,0.03146544407777489,0.04327438362343722,0.047176153629018835,0.03985502030539759
2017-03,0.034474236321924784,0.0418822287616902,0.005633452285680379,0.02633406126872859,0.016300331446479802,0.02894381694834347,0.03126804876689167,0.03372707184505981,0.03975589711088469,0.04332880798968409,0.062039872002978357,0.05699163085680388
2017-04,0.044630164805317285,0.05286324172990492,0.054661683420690776,0.06163833658721878,0.043256964720507496,0.0609019189333984,0.015383908413308202,0.028993835714375728,0.010191945877960995,0.024342124580526585,0.052337897792799765,0.059974681356333874
2017-05,-0.0278098103977404,-0.016864870034970485,-0.03595699284695685,-0.03616920372578721,-0.06783582314373948,-0.05212651710572763,0.002943551343632429,-0.0019209057347494775,0.0015093729877620117,-0.00033451751971683966,-0.015405148600567813,-0.02378243282075912
2017-06,0.042770605380868444,0.029035949188185996,0.06782811714082208,0.04301483894227135,0.021564468949729097,0.008895735558044968,0.008484408119960906,0.01017976104160035,0.01432828139401357,0.009228550401554061,0.008791663003857303,0.015403700896443917
2017-07,0.06850650178394169,0.07004731022470968,0.06176225965096469,0.06234312928094311,0.049870407245057376,0.052212501610954636,0.03411068904615156,0.03314541757935304,0.03577881052321351,0.02999044040205246,0.04442094186167467,0.04472411610575319
2017-08,0.06788745137362029,0.029611916546173678,0.03370150798029849,0.019710787690143308,-0.00841697431594535,-0.009909535861212168,-0.013223955723770843,-0.007461896192729136,-0.0060734849509409715,0.0003378782965412132,-0.003204265136479492,0.009839098931930409
2017-09,0.05415557885455749,0.036617081330051655,0.04615210616035397,0.04112308208043922,-0.018544620412425772,-0.014203077290662941,0.014859415738401901,0.0032239043908554067,0.008285705134131401,0.001819939623887949,0.025948014444730473,0.0195775500464445
2017-10,0.16631645643086806,0.14709362720089994,0.17117024562043176,0.12109927753645464,0.12671785233683636,0.12211483334033639,0.04285641064822114,0.05845424591654074,0.04106553045017458,0.06255938233744902,0.11692484268130683,0.099845108325385
2017-11,0.02875564320784504,0.013783216402956757,0.027620029936921482,0.023677812365827822,0.011878837664849791,0.027135177119440565,0.013936691530755514,0.009241806697937427,0.013822995858201327,0.01781265810493335,0.009116837908911008,0.01773302411605461
2017-12,0.030555946402070194,0.040215973371292166,0.028618885768988373,0.03686982395471207,0.053966269313913524,0.038747996207019325,0.03527204424393945,0.04297925418625668,0.04474057140867708,0.043286765639837084,0.043912816932707974,0.04314157263112812
2018-01,-0.01287920375834358,-0.006858656600792058,-0.017653667883311405,-0.01678362943335126,-0.023993560298781857,-0.035590359104359405,0.012324491022042888,0.0020334173071010356,0.012394736662342549,-0.002183462150915809,-0.021610750875620956,-0.010865501643961162
2018-02,-0.024846204237179224,-0.02865302502338192,-0.04091227520035966,-0.03517441595363555,-0.05009307975661938,-0.0476388443713068,-0.0248472271025254,-0.03249229996617248,-0.03376620392231772,-0.029101251911795828,-0.026451839484157105,-0.02196389410055862
2018-03,-0.0635427714611197,-0.07500024776252621,-0.08369008092097127,-0.0786771959101789,-0.11500694015378388,-0.10119863659578618,-0.02279304192987596,-0.029621878430282578,-0.016436701799612406,-0.026734410949475665,-0.041523011851354014,-0.03362142684143601
2018-04,0.13980635441139427,0.129048495693091,0.13330840325156118,0.11939417904131332,0.06996843961006861,0.09032787659132933,0.05854885815850191,0.05144817841365998,0.065821600050964,0.0623815393781571,0.0858026175680812,0.08654312286790562
2018-05,-0.09463543226028634,-0.08105771673722742,-0.07488353675631199,-0.07863935504272011,-0.039043541157371395,-0.03395200465474129,-0.017494087008994033,-0.03174069297949187,-0.016120740295874302,-0.029593635848011737,-0.03281498939311395,-0.04377102303794561
2018-06,-0.08977066993900566,-0.0749884856725189,-0.0653431913381351,-0.06233751668712169,-0.06917802680227768,-0.07532838948085864,-0.00019606343707415167,-0.02526355710790005,-0.007225942544906579,-0.01205112201039623,-0.018160914002262413,-0.02276601969575099
2018-07,0.05316879258947033,0.04570677023916433,0.058958094422338916,0.048596073073987875,0.03986149923700178,0.033697039615557166,0.038671523488743476,0.03927619788672759,0.03544429233929569,0.042726036520637924,0.05534618652970828,0.04150874794244882
2018-08,0.07307021451560015,0.062133988193797875,0.08161888120977626,0.06746751845546435,0.04835510217806834,0.0651694171511498,0.05328404947937548,0.04564282985799639,0.043567828999832664,0.04321261073091621,0.06201712081401616,0.055602914873190565
2018-09,-0.1762187315086847,-0.16275220654369396,-0.1465218743500852,-0.14681303473395632,-0.2021782951891692,-0.18056536759425149,-0.07867207140821793,-0.09129920325461989,-0.08964932844846299,-0.09935599159425143,-0.1451481985835812,-0.14238523685178933
2018-10,-0.014987591249573036,-0.010921662870766114,0.01753427016405612,0.010428685921021915,-0.0007402351722548947,0.010896512366867695,-0.04891065896727134,-0.036440525033632216,-0.03485581669774414,-0.032368766277324774,-0.04657881340216326,-0.03942781862727428
2018-11,-0.025487941168506327,0.007160999847624291,-0.002666182409457905,0.005143658989989404,0.06149748919331699,0.03955094772556604,0.042604373144803837,0.03674423285061043,0.034947959961535456,0.03326629204741001,-0.002916951753621586,0.0038361644658272357
2018-12,-0.005270144289704733,-0.0033365105123355004,-0.012157640163780025,-0.0013161457934518935,0.011506332566042454,0.02559785167778227,0.012594266783109709,0.015146872991626622,0.018181566046515045,0.013895356511208658,0.007235871712019868,0.00016056695140274782
2019-01,-0.021630752603558234,-0.02892171115952033,-0.018263714613086457,-0.02966176036739957,-0.08375042973824529,-0.06702953208966432,-0.016720333035164216,-0.018980657670293694,-0.006117955311350403,-0.021256940732711293,-0.0045705745056790585,-0.01428205624151376
2019-02,-0.025553629942320445,-0.021303710101745085,-0.009996747325123328,-0.015124641301481872,0.026234552104210183,0.0052654835098839975,-0.020338348153817066,-0.0158808349641424,-0.023946496706804203,-0.02094761858041485,-0.024806020896564425,-0.02067333651168164
2019-03,0.0648847083847252,0.06747765898550862,0.09163779939316428,0.08727761312724983,0.12804819827438788,0.12950881914669268,0.046913403092355394,0.05899746212810671,0.060374794091087335,0.06570969433950356,0.05742781876798088,0.06004323040101732
2019-04,-0.00729403423381636,-0.0032625823027742137,-0.026543637586287378,-0.017139298799033188,-0.011390749242489121,-0.018876645446360137,0.00563887512952985,-0.006060381008651004,-0.006083077039304556,-0.010472462552549744,-0.021245543376438355,-0.014023255602062766
2019-05,0.02658923403474277,0.026908794145994456,0.040089341044691154,0.037798169068368956,0.02955451645518131,0.014085616456191753,0.019011126697029805,0.015331268147340017,0.013933981924052864,0.01179334081931141,0.01974993549898933,0.02480479592576109
2019-06,-0.041455044303574565,-0.027012516022613925,-0.04978539651305351,-0.040495282472521404,-0.10479991512770463,-0.09336101702565767,-0.004048121896841763,-0.01223404323509253,-0.004532551492887399,-0.012588727074365369,-0.02559132180457993,-0.02159511555712403
2019-07,-0.12093263490108466,-0.11276200171657608,-0.1104243311067727,-0.11665177160402611,-0.20186357796920032,-0.1697219358689175,-0.059649068498267795,-0.05826151664743117,-0.05653356606027897,-0.07263020528925085,-0.09760750676742924,-0.0771677707574597
2019-08,0.00042030410884266603,-0.004353838530529706,-0.007353400897031851,-0.01830372426604435,-0.028162395894275626,-0.045008580346422286,0.01283169741658875,0.0013147150852767524,0.013191452195062698,0.0035876983412489656,0.01762257446387757,0.009653939253762442
2019-09,0.0931622189244244,0.08222305049249168,0.062263238501502095,0.0552014245373575,0.030006276938712963,0.04578870188569844,0.05758002231792682,0.057208438647619916,0.051405247910021844,0.04871282952455484,0.04595798464514554,0.048299980085065766
2019-10,0.04810650956330728,0.04035382950134591,0.050813250996596074,0.04596838926000549,0.030305724206547004,0.043830059750462794,0.04991561358258833,0.043018277722571684,0.045607009641367637,0.04364461091308945,0.04770740421867615,0.04202648825044032
2019-11,0.004580039749165423,0.011336309904791158,0.0038179059630934157,-0.007197591440063479,0.06019977683487899,0.04284551157588664,-0.014868677285627895,-0.009394350594680204,-0.019331551751847992,-0.008005750721735993,-0.005500535338638713,-0.0064516642644781635
2019-12,0.03580719140552981,0.033821423087037845,0.023124217672490455,0.01941995194228409,0.00826373987306221,0.018462664240871455,0.005205432529995814,0.007966466542869772,0.0044997141855930844,0.004699090366366789,0.02969377858173512,0.018602061083993697
2020-01,0.06489641592208487,0.07265847029422627,0.08322049171291387,0.07880826096226679,0.046191369915369304,0.0529015200957695,0.017615879671600047,0.036181284248096454,0.030720633892231043,0.039250794068744696,0.07268128874309833,0.06653472231421659
2020-02,-0.012313564724882703,-0.01625367425087247,-0.06511382696277124,-0.03651907506237006,-0.11402668288137528,-0.09306702734352974,-0.03148528275540579,-0.03477755597198673,-0.03481299371041228,-0.035878817521487916,0.007977109891794358,-0.007728007802187627
2020-03,-0.2928310313110281,-0.28491098861287584,-0.29520995117911714,-0.30801750317545323,-0.3471302891506578,-0.3452518725103431,-0.15952495427732083,-0.20275808385314648,-0.16014874618449712,-0.22198325624500798,-0.23146486884046288,-0.24423574613334154
2020-04,0.14651707244052042,0.13408347573315985,0.157672207264756,0.15456886759463567,0.18005773255766858,0.19091406118936896,0.10045761407973201,0.09782167437342458,0.08384932050131862,0.10147190582445381,0.08537500403000461,0.09574501404686861
2020-05,0.03635751481465874,0.032365353200850336,0.04131403869355511,0.04986796257109741,0.00025397923842837783,0.006171633687247308,0.03028795969411717,0.02652518689306315,0.027550400179659772,0.01849507131152977,0.06333237346216951,0.036013475445432694
2020-06,0.05906794991532592,0.07456913439383381,0.0736758071150472,0.06780355212705706,0.2743540844777727,0.227028115926281,0.04935666439589164,0.06262256983958706,0.05777759629030928,0.0643786800982215,0.06855146862012824,0.06064621095019429
2020-07,0.11398087835268964,0.08998906244674237,0.11863335549766851,0.10657894340296759,0.028619934773545828,0.03921324604893367,0.04979893380803363,0.04508181501874319,0.04833071926599998,0.045380771916709466,0.12710590287865572,0.11964868994471838
2020-08,0.08449461483651839,0.07100631573544476,0.06393582103399721,0.05949678168667329,0.1345197696161058,0.12922997209479617,0.035899387390592716,0.03574395992953195,0.04082800857913334,0.04077060145437222,0.06718124182303645,0.0539906923257935
2020-09,0.08546196579417081,0.07432374791209961,0.047192198266200656,0.060708892146551056,0.012452545251927703,0.010332058635196695,0.018444432758438316,0.029440046169308814,0.018943845316489783,0.035322849472203134,0.11515631442160551,0.08525112417687943
2020-10,-0.004722439069169565,-0.02851943167195129,-0.020370202741185353,-0.030147525764109583,-0.001667702156991714,0.005458618853811382,0.00600906081997167,0.006371109068901996,0.007946290474955927,0.00641479058070745,-0.017919942030571585,-0.024695477566088624
2020-11,0.11067852998538646,0.10533515254024975,0.13411003743217048,0.13367750991624247,0.12752408482120284,0.12954518164515977,0.09479161149009718,0.09511978170868096,0.08199211196338861,0.10600105368318084,0.10711442550941053,0.0978218180850206
2020-12,0.05348755862329386,0.06391258727406073,0.05194228478221723,0.06243682913948519,0.065577325952443,0.07885784406675034,0.058637114157350935,0.060061670489473716,0.052485448621072545,0.06573539247672767,0.051740805522357006,0.046176191844003914
2021-01,0.002484080212454921,-0.01161636641570321,0.020885851683940547,0.027058218143580337,0.030875210511227998,0.018861398395569964,-0.0019345209098892671,-0.001314855620678526,-0.001867915752843537,0.0056412031993089175,-0.023200972894265034,-0.010035088552026648
2021-02,0.14235084934222772,0.11154135813836155,0.13806429368675555,0.17332759893014854,0.0926215102311679,0.09876962054533481,0.03806916558547994,0.05848446315763265,0.03498472684404812,0.046885119081282914,0.10601475252482548,0.11723787575874271
2021-03,0.047302130222034264,0.01898901841323191,0.02073416199064234,0.007564012619502484,-0.0044245158535427655,-0.0008665178984078826,0.03444329708402504,0.02916049971836119,0.0267155079968937,0.014464430158573904,0.015341490103564615,0.01740740266060152
2021-04,0.10316507679682693,0.09999484269002253,0.06296081129845439,0.02741014266459301,0.060493270789538936,0.03623419247678836,-0.018601588172077733,-0.007484130305505431,0.03651948043490033,0.02315152482053331,0.04408909696493528,0.038218318407918554
2021-05,0.10269149572911439,0.10688126755391336,0.10499396702149531,0.11067932053432522,0.11128381217962584,0.12307325467252421,0.07642955266389406,0.07581835622904985,0.07180921163413169,0.0929506521041576,0.10452567470589133,0.0935270733655889
2021-06,0.02040173378285821,0.0561935353157269,0.04001951046368772,0.05323055765080197,0.04857775563368786,0.0618342082879041,0.0337995101221218,0.03394155694688183,0.04495656165850287,0.03670810200281317,0.03734257783112903,0.049787449981520425
2021-07,0.059930799254566305,0.07754193800339415,0.04770747691463287,0.062410888500627176,0.014683678375818784,0.031609231987606075,0.029036328295224206,0.026173472216578418,0.03541182768300709,0.02317775750009709,0.09877332128422817,0.08301015157848897
2021-08,-0.024349121683167788,-0.03160482551157215,-0.03485870706265933,-0.03611209006049068,-0.0254559074292711,-0.025035911982037095,0.04220233571743978,0.03342290541258426,0.03783004995274623,0.03038130633338661,0.012990237265571369,0.001452837793030147
2021-09,0.06367710007429898,0.06176645553917447,0.07375338283610705,0.054054249783795146,0.045739245907027826,0.05740457737994838,0.015718236113570195,0.02839651766940389,0.02544148214698805,0.028542819170936096,0.03504125375909145,0.03191179017964416
2021-10,0.014451502675774046,0.012523294915265928,-0.024545953452064954,-0.0060365681922190445,-0.0018926166504726818,-0.003485173021966725,-0.018226672136527126,-0.006903158471572684,-0.018974168050104066,0.0001915356310427936,0.037685530560322006,0.021998755565998434
2021-11,-0.013961262791435378,-0.010703213713777138,-0.009141522808890586,-0.011453053221918332,-0.033329582242731005,-0.01847730989935632,-0.019630125845467656,-0.025081374424293233,-0.02709450374313344,-0.03371106691464411,-0.0065449441732817,-0.01607149328455278
2021-12,0.10263972702547335,0.07259905634911668,0.09976999611454912,0.06981190882066923,0.050507532030129094,0.048939863577492505,0.012886868527517066,0.020504345485493992,0.018265704606869368,0.016462354955108567,0.053180834747222704,0.04337874538920919
2022-01,0.04611533924663504,0.019804534445491066,0.00846333026865035,0.003736772492611531,0.0270880887372885,0.03503486799400896,-0.021614269670822216,-0.01716112063751519,-0.02116894375169953,-0.008675823685413354,-0.04478012784667616,-0.011714451131873643
2022-02,-0.10953388672236546,-0.10380791766349914,-0.10381410720363005,-0.09383148930228577,-0.1063477982704977,-0.1043010042010045,-0.05711013267516243,-0.06669615702218996,-0.0770161464429037,-0.07696907103954417,-0.08016154343527358,-0.09042452208533963
2022-03,0.15167974129574743,0.13417923535138293,0.12525290299541988,0.11425913241235264,0.06490135489061097,0.04918437343569856,0.02765389201327936,0.023342320560358357,0.01714002620805435,0.02255308208047642,0.07401649965476202,0.08186739781227277
2022-04,0.01310201993209027,0.010394576558913906,0.024613249230114476,0.024519273176585095,0.03989883217100715,0.051199661904742656,0.011870786883868441,0.009114973803226276,0.005440328808803768,0.01594271125408527,-0.008788518173128647,0.011609211974882147
2022-05,-0.0877561142560409,-0.09022904780848424,-0.07380765643339994,-0.07673258219842055,-0.09924163450022579,-0.0775330197155635,-0.015946136056013614,-0.01710461343449094,-0.014730379123372987,-0.020071162278083685,-0.05899831201259537,-0.0646253571551743
2022-06,-0.08780014683326201,-0.07578015047769839,-0.07254415988331343,-0.06977388089637078,-0.08888302996837881,-0.08450019371099173,-0.04985804021559064,-0.045172890888051855,-0.04906206278265633,-0.0493869204575062,-0.03288922117700383,-0.0443540755424003
2022-07,0.11114266747618519,0.09341668788408238,0.12173630260652743,0.10213455649872172,0.1326559945985678,0.13834817142908257,0.08986297769995381,0.09774712443888327,0.08973841238390297,0.09533859939081363,0.11835887091354115,0.10426004873098116
2022-08,0.08730861921008497,0.06502031000638682,0.09811036624846589,0.07247685370441213,0.043816486112908413,0.05124433325734947,0.01496769481020729,0.020522805710337766,0.014278673248187265,0.021619295466808266,0.07315229795561785,0.06975906171984578
2022-09,-0.014424498071460883,-0.013627256089478422,-0.021634347363591006,-0.003624261752706887,-0.021550826795066598,-0.017145674430113212,-0.013311484795798453,-0.015181513239934784,-0.003077540060053452,-0.01346460443694826,-0.004322101607315686,-0.0015638676447177382
2022-10,0.017448383118693928,0.005126134052947267,0.02665985022000004,0.027492874841138996,0.02360106397641893,0.016424780580297716,0.036478418451343336,0.027157282215768214,0.030453354383207683,0.02877143287370308,0.01754694450837291,0.03561021997598492
2022-11,0.04517506693144225,0.025553034952312752,0.05634802820963014,0.042736842054944435,0.03850518981646549,0.03747151270631144,0.04826388802233866,0.031210584930821232,0.0452911962943957,0.04533183334060638,0.011827719818211024,0.03199106680363446
2022-12,-0.03356950611749237,-0.03335608589615705,-0.03628686758839619,-0.024641077666362664,-0.02997587120498806,-0.0185653550997122,-0.026902981948386716,-0.033985697506313466,-0.02935625493837778,-0.03025037843517601,-0.039717968149580916,-0.02396526897704
2023-01,-0.040518916119259354,-0.041211849951295176,-0.033489882513918025,-0.034501078014018,-0.026101372861445808,-0.036082854200000264,-0.012895690049395543,-0.01246269375036907,-0.01639023880311193,-0.01318596259735593,-0.012827436920072259,-0.021806322037387724
2023-02,-0.10386973279053685,-0.07551483937449381,-0.0983881824080593,-0.07817284106604744,-0.11334008383270137,-0.07120536002145723,-0.018582378423507843,-0.023357947005842882,-0.02396637898025372,-0.015294643727386158,-0.021167773931225205,-0.02699020667472519
2023-03,0.04805154380203705,0.03507583026376676,0.019726673005859088,0.026136864716112936,0.04111529367997549,0.024482029868518815,0.015992249981453606,0.00930450519551411,0.01063597419977256,-0.0007779805508863159,0.02974302030975507,0.023713768449743995
2023-04,0.12070378797451017,0.10008714381194254,0.11377690641369037,0.09073531236774388,0.1308595998325331,0.11023542603588624,0.03590655589073601,0.03848816550346743,0.034355646747289366,0.03675065268247596,0.053865557276800105,0.05544442867748987
2023-05,0.06718694361345895,0.05745900212110131,0.057027941359260925,0.04364445515504948,0.06056439843864653,0.05849389156489027,0.031165417617087167,0.04464834136935613,0.04356970483078425,0.04119004049231359,0.02729177213604487,0.039962240901542545
2023-06,0.12235584076050052,0.09144435770489631,0.11212418381084532,0.08736835841715254,0.05635631309985039,0.0629596206543856,0.040554951448320546,0.05431621626560566,0.04546901942979507,0.050118480962020366,0.06820124550134621,0.06611669589981689
2023-07,0.13828074239861954,0.12999469155533944,0.13192537230407692,0.11603115990968538,0.04571193847905135,0.057085815097960735,0.03257754599734986,0.0380956012885511,0.02869407447026945,0.037993033182705735,0.0575839936784558,0.056519293871030836
2023-08,0.1229224320529723,0.09383745070854592,0.06812859993012144,0.07193159799179416,0.03277845247519914,0.03786842460930588,-0.015851434316109598,-0.008240461769481355,-0.008287261774072768,-0.005128215999511663,0.02694229682567286,0.047705937917333595
2023-09,0.05460828785861044,0.040606148306211426,0.02372505246072388,0.028877943732000557,0.016647911626016917,0.02037366535341052,0.030609238639531806,0.023204698170211428,0.026956451279562837,0.025997462460125124,0.01578822646226927,0.008642226607093993
2023-10,0.0013606676933905265,-0.009419050043738051,0.034433791676041645,0.015275439032061426,-0.011178883313106475,-0.0148464800251818,-0.00910702036265476,-0.02373273334259057,-0.01897590781144173,-0.020820866662413208,-0.027540981279510438,-0.01549352787517671
2023-11,0.10895815565236365,0.12383628699610578,0.12610832856412602,0.14229197042910652,0.09092626210884212,0.08969837373651735,0.06542915389013391,0.07947394212133041,0.06448491302867704,0.07735725368529085,0.10646482548288756,0.11145355218639445
2023-12,0.07163751400726094,0.06222106011231758,0.059673536496490605,0.07683539641191783,0.08739648153784133,0.09144312520168779,0.07225912428495536,0.07526243566264383,0.06469124397503032,0.06831545607894701,0.05755037948446946,0.06367685214828184
2024-01,0.14863080044863,0.13535408333020232,0.19918075783679606,0.1604622836278203,0.075383784960931,0.07016472670939315,0.014847801658399492,0.022037348743175242,0.0032353950854315267,0.011793775833678277,0.0851251949503372,0.05742439081753363
2024-02,-0.024618482277897653,0.0012234627377368979,-0.017791493233017333,-0.016453716701797134,-0.0035503757281951805,-0.009213649943645288,0.022734539846762703,0.02425492525026715,0.009809912171202138,0.019308985199088004,0.026465406067848748,0.025633226088552383
2024-03,-0.05662104356262673,-0.05474017778003247,-0.07724874182104405,-0.06384557461204608,-0.06655209733538181,-0.047522949941979455,0.016564807077768164,0.006933497550737399,0.012763714399709882,0.00995342668325723,0.0058163437429777295,-0.006502433458155886
2024-04,0.1180722679444553,0.11364492202359644,0.08136653215293421,0.0871927032156194,0.12882683807391393,0.13210106241571765,0.003571449519572556,0.0272885144926432,0.01259301299551636,0.02143235549304502,0.04555947938094298,0.04736072115285161
2024-05,0.08030948224403076,0.06773327273543725,0.07798781026618319,0.06976599377735214,0.010061000538195733,0.016041649765823698,0.024616132746963285,0.029370001594202177,0.01612029071596163,0.025202004909215297,0.047628933572143525,0.04088183900250821
2024-06,0.0325432084775446,0.025656743512565805,-0.008399617999475615,0.014395114980614385,0.057627733488889166,0.06045458865157499,0.04429808596615733,0.05642424772243277,0.0489453116143985,0.055029789185893845,0.02367699913085396,0.03685848492642444
2024-07,0.07942242157545878,0.07709027542168359,0.056068368540182816,0.049055364677460085,0.04592460455636633,0.05977782813010148,0.06751418191786053,0.06262863742165843,0.07433985385562827,0.06784433376331395,0.05398392431428277,0.04556507145466884
2024-08,-0.002177105007147881,-0.0018617884446590616,0.014084739186438556,0.003914478662651305,-0.011434786360537647,-0.0033793666035927847,0.023991007943976187,0.017134999219122118,0.027535643138221454,0.02849393481542587,0.035281322942229555,0.027500801469017056
2024-09,-0.00842664705556984,-0.0007836394641827348,0.008788614981773203,0.0031382473710676235,-0.01201249192725904,-0.012222575778612726,0.029541099186564113,0.020000500363952012,0.02585232184326446,0.023241622936929038,0.009288646570991457,0.018930030591395964
2024-10,-0.041196995028050395,-0.04046591799395793,-0.02974848826905022,-0.023049435547659924,-0.04335146909312452,-0.03711107126789516,-0.08001180906494507,-0.06649472077468828,-0.0740701060955225,-0.06181538363005802,-0.07621561376720963,-0.07595584613259838
2024-11,-0.004865832397491254,-0.002375548705007858,0.0023479292829272766,0.004544899248522815,-0.023336545172819183,-0.01740083560491627,-0.018926539353536952,-0.014983092302484423,-0.01630914730841387,-0.018142127710949116,0.011153788962202866,0.006586305846542986
2024-12,0.024982508182018796,0.01202964881935651,0.017080948525898317,0.026375085276030334,-0.004026381092853703,-0.0060571055821927525,-0.011607452171864803,-0.010114416098060101,-0.013605970006658783,-0.011751602626523756,0.029813439017495252,0.023887266176274263
2025-01,-0.1369958765025316,-0.11180163382777746,-0.11904808453770198,-0.12070138765499602,-0.06220801325900001,-0.05234710615739696,0.004166349896077537,-0.008064643540950428,-0.005963516242435251,-0.0062543324266444425,-0.1477189033723972,-0.1253637273638736
2025-02,-0.13498395394276064,-0.13060244849786676,-0.15048766201310523,-0.13353381697354702,-0.13653890503221977,-0.14917405689862756,-0.06812282816643139,-0.08050547399414577,-0.06794154820465399,-0.07943821092275641,-0.08396362959443525,-0.08508393510691104
2025-03,0.12364195704161197,0.10874350275208544,0.113020569791831,0.09829663732382717,0.10589142136745194,0.09017524189440253,0.05371609818424183,0.059065422054713206,0.06393060489694596,0.06906358676775687,0.0705415095399908,0.07189379316213997
2025-04,-0.0099163651925954,0.0019940195506010705,-0.019097069471567578,-0.0006456212431961267,0.06912032904349293,0.05030463527501098,0.044496490191294355,0.04028333087225728,0.04048672106042846,0.036956045610316006,0.0037068158318009858,0.0051030612745578815
2025-05,0.10474587789767621,0.10751618108775804,0.06741038984971319,0.06315211038812552,0.1313333741941068,0.1179224709342868,0.010965401086584071,0.024961470794079746,0.023752838901020007,0.02802563303270059,0.0353186152796849,0.04931041513089981
2025-06,0.032367406963955785,0.042914036500824995,0.06984292602678069,0.05975125944819288,0.041698503858307985,0.03100403256405001,0.03238085656980239,0.03595825206456949,0.026769476021421823,0.032539573411020505,0.05574204285791208,0.07100086691554909
2025-07,-0.04049877693107888,-0.024137241856353464,-0.06300759608021006,-0.050516578882915074,-0.017520671549258012,-0.021840372373689854,-0.017139716887640634,-0.01571680954287252,-0.007892273512100834,-0.012522927093118833,-0.02872738982293018,-0.030813564433773567
2025-08,-0.01778384202202313,-0.0296096419042341,-0.011920322749791143,-0.028827570849898704,-0.05521468481270609,-0.0519143198665277,-0.0012054590020617842,-0.006966364367901437,-0.003464922062108985,-0.006782146916745046,-0.019073472089688365,-0.018061121726940674
2025-09,-0.001320209291985828,0.0025189824060323504,0.01816771194733716,0.016355595034470427,0.0036775073296458956,0.0164235761689714,0.003208019635201605,0.0039936643008397004,0.0021911887584394564,0.013469035633712554,0.017565360670098056,0.017618498401064
2025-10,0.061812587608052146,0.05548906433468283,0.06022811307081758,0.05092670772968515,0.037698675012243325,0.03205388269420325,0.03294702858690136,0.03664179640071834,0.03222276627366499,0.033442743435066445,0.06126298071800906,0.04857404496291152
2025-11,0.012173906733302056,-0.004001880109523568,-0.01839677673260947,-0.023833174213088167,-0.04619894968014432,-0.042139652629336555,0.010450244455530689,0.005517400757323843,0.004698153337083129,0.00659572833692099,0.004484831663441836,0.0011873574168554766
2025-12,0.013782988277654354,0.0077584186959010655,0.01804477938735556,0.01599269805566971,-0.02767085392659452,-0.013097307638826262,0.0012944407582560383,-0.003101313801208453,-0.0051060391338956295,0.00014876267611144413,0.008480144156563446,0.010629381027776672
2026-01,-0.08098685432124587,-0.06848996299068406,-0.09567335790529419,-0.06917799333943284,-0.08463667954826405,-0.0807847825749015,-0.04513443023080476,-0.04262535505520035,-0.048758359409938695,-0.04265217152344695,-0.05880656139206896,-0.05420377126943672
2026-02,-0.00129707176876101,0.008817772619686215,0.010230126972958655,0.0176110920025909,-0.026066477599897254,-0.01803737573160802,0.019848313623682657,0.0021071231533187976,0.009804577979499289,0.007760424512146612,0.040673615916604414,0.01832248372955117
2026-03,-0.03443992372410603,-0.0381506543868668,-0.03374601445550626,-0.05063774221556359,-0.03275773761508308,-0.039679520267801166,-0.06875306633987487,-0.0647881349081852,-0.058472708899306704,-0.06574880814753274,-0.07035329120627687,-0.06332447391139653
2026-04,0.1901619453452671,0.1641102658881335,0.13072640117029308,0.1364526126652421,0.15150017858480544,0.17237705729971053,0.06112587171271701,0.06910044166527475,0.06481308668039847,0.0651320708956791,0.10816008136378978,0.12936009875328483
2026-05,0.06285786802860183,0.04420786999444178,0.055269690971370966,0.03723104076492668,0.011119113298565443,0.007373859455514295,-0.002534268796359004,0.0007959055366050277,0.0035067020917330886,-0.0030437465639879756,0.06726054608442548,0.04663879607695966
2026-06,0.030634200484022777,0.0418480518903229,0.03899333407876137,0.03218981603342247,0.034934536027874254,0.02265117233544322,-0.00021793351079199314,0.0009922404854242443,0.011386180563356676,0.009139052030804583,0.05463767158788035,0.047134134036200835
2026-07,0.004353346390530146,0.016108170859621327,-0.03569492445501014,-0.008487377996362554,0.058963130044721465,0.03479290977570072,0.02600322918781526,0.026998366447801528,0.019463286000917776,0.027985704574728272,0.02951914445202185,0.01758824804198495
2026-08,0.07953841097889873,0.06803907805344538,0.11268030072697897,0.07639831131352226,0.0007876295470807923,0.02191867494331297,-0.027001747123999737,-0.021868414652297972,-0.027819875414116634,-0.015654237257589833,0.021024608828421363,0.034397400690151604
2026-09,0.004940712707053048,0.0029312372119480656,0.020179067398461894,0.021054086389213786,0.00012500450324190102,-0.008892506354432665,-0.021839330287469406,-0.021518961186570276,-0.020942462212101793,-0.019165336390290735,0.0019970423156644283,-0.005115303138463392
