,universe_size
2011-07,500
2011-08,500
2011-09,500
2011-10,500
2011-11,500
2011-12,500
2012-01,500
2012-02,500
2012-03,500
2012-04,500
2012-05,500
2012-06,500
2012-07,500
2012-08,500
2012-09,500
2012-10,500
2012-11,500
2012-12,500
2013-01,500
2013-02,500
2013-03,500
2013-04,500
2013-05,500
2013-06,500
2013-07,500
2013-08,500
2013-09,500
2013-10,500
2013-11,500
2013-12,500
2014-01,500
2014-02,500
2014-03,500
2014-04,500
2014-05,500
2014-06,500
2014-07,500
2014-08,500
2014-09,500
2014-10,500
2014-11,500
2014-12,500
2015-01,500
2015-02,500
2015-03,500
2015-04,500
2015-05,500
2015-06,500
2015-07,500
2015-08,500
2015-09,500
2015-10,500
2015-11,500
2015-12,500
2016-01,500
2016-02,500
2016-03,500
2016-04,500
2016-05,500
2016-06,500
2016-07,500
2016-08,500
2016-09,500
2016-10,500
2016-11,500
2016-12,500
2017-01,500
2017-02,500
2017-03,500
2017-04,500
2017-05,500
2017-06,500
2017-07,500
2017-08,500
2017-09,500
2017-10,500
2017-11,500
2017-12,500
2018-01,500
2018-02,500
2018-03,500
2018-04,500
2018-05,500
2018-06,500
2018-07,500
2018-08,500
2018-09,500
2018-10,500
2018-11,500
2018-12,500
2019-01,500
2019-02,500
2019-03,500
2019-04,500
2019-05,500
2019-06,500
2019-07,500
2019-08,500
2019-09,500
2019-10,500
2019-11,500
2019-12,500
2020-01,500
2020-02,500
2020-03,500
2020-04,500
2020-05,500
2020-06,500
2020-07,500
2020-08,500
2020-09,500
2020-10,500
2020-11,500
2020-12,500
2021-01,500
2021-02,500
2021-03,500
2021-04,500
2021-05,500
2021-06,500
2021-07,500
2021-08,500
2021-09,500
2021-10,500
2021-11,500
2021-12,500
2022-01,500
2022-02,500
2022-03,500
2022-04,500
2022-05,500
2022-06,500
2022-07,500
2022-08,500
2022-09,500
2022-10,500
2022-11,500
2022-12,500
2023-01,500
2023-02,500
2023-03,500
2023-04,500
2023-05,500
2023-06,500
2023-07,500
2023-08,500
2023-09,500
2023-10,500
2023-11,500
2023-12,500
2024-01,500
2024-02,500
2024-03,500
2024-04,500
2024-05,500
2024-06,500
2024-07,500
2024-08,500
2024-09,500
2024-10,500
2024-11,500
2024-12,500
2025-01,500
2025-02,500
2025-03,500
2025-04,500
2025-05,500
2025-06,500
2025-07,500
2025-08,500
2025-09,500
2025-10,500
2025-11,500
2025-12,500
2026-01,500
2026-02,500
2026-03,500
2026-04,500
2026-05,500
2026-06,500
2026-07,500
2026-08,500
