,1,2,3,4,5,6,7,8,9,10
2011-08,-0.06122713580157004,-0.05059600645518737,-0.05928702472438272,-0.054290679205311734,-0.027255490604740026,-0.03994080466930359,-0.050887644316662935,-0.05578982531744432,-0.0384174384573737,-0.06771358517432419
2011-09,-0.004309944810763903,0.02504317270219086,0.02553367496883601,0.004929586844915001,-0.0012111346133400224,0.013788273489790141,0.005169426076771342,0.014930616664386004,-0.0022329957507349635,0.015357239107138489
2011-10,0.03906409086262282,0.030454665599477324,0.03536923265882179,0.04402142857731953,0.034435154553758215,0.03135638694459091,0.05005419914117611,0.042766119984267985,0.04556121178319112,0.04281398011274892
2011-11,0.010999602926930172,0.0061745555786537,-0.005170747145405099,0.02742371191325258,0.010063694754039851,0.0021706355222642516,0.011731888281195866,0.01065210823842195,0.005132840857770808,0.007911597969147437
2011-12,0.11431985539098759,0.10817915761029036,0.1426875552978667,0.13003524310536993,0.12458762144165145,0.12289487248677736,0.12871824827241132,0.11757121776159636,0.13604619489793776,0.11906961793472673
2012-01,-0.02238818758896278,0.004077242023089156,-0.012444890844740151,0.008386856956477708,-0.027384557575893025,-0.021339285893891682,-0.0007137351360479737,0.006580480031219126,-0.007181685504414262,-0.00592390905496243
2012-02,0.02875260418511316,0.050091615195525456,0.03723222171327377,0.04637286933408251,0.04171252835453434,0.044605331747245125,0.05420361702439352,0.040821959835997554,0.06313466560137873,0.04751037730446402
2012-03,-0.02032292569550678,-0.014214098437183841,-0.014202504959435959,-0.0003200995279855661,-0.008935307576311823,-0.009326425014518358,0.002648977166463142,-0.024587190121520126,-0.01297108056172037,-0.024648180097217542
2012-04,-0.03147963440751791,-0.03733503654704836,-0.025360388110525055,-0.009326983199171109,-0.03926860941006516,-0.019552190944031544,-0.027010319404571548,-0.02294166591959915,-0.02239517307578684,-0.03964905555403125
2012-05,-0.06621642004907188,-0.06104218025860886,-0.0565045418814809,-0.08018499131267308,-0.05475178952199373,-0.09382485407266292,-0.05264612570790865,-0.06085025224743377,-0.06508945466366603,-0.07579457125707362
2012-06,-0.0074459467967003135,-0.007277248303838097,-0.010483103660862298,-0.015482200900693764,-0.008652841051847403,-0.016094648187588323,-0.022312908671162767,-0.014895301831784606,-0.01151638817131715,-0.005689353409318192
2012-07,0.03868787443596279,0.050171193645584894,0.020704415899713932,0.04667553289589824,0.06233923342390528,0.052250129641113675,0.05703461171748469,0.0605710407881702,0.06254983415648134,0.037868140388866614
2012-08,0.027406104428652524,0.033368805909575146,0.010667943940116607,0.028324607251486045,0.025593954380951158,0.017905512970503246,0.03019678508045617,0.03133444605733107,0.01776859610380034,0.020113392080335142
2012-09,-0.026467924450932444,-0.0027585878516302514,0.008786540205475795,-0.00910341081872663,-0.009398910853765397,0.006811390753249382,-0.0038595823895202705,-0.014789043627136494,-0.013612334560181582,0.0009885667834608808
2012-10,0.009547964647455148,-2.2514387925861906e-05,0.014846623054386473,0.012411338364677333,-0.002995361619479407,0.01943004770118252,0.010947424773451819,0.01149815424108468,0.01405926841962722,0.0013337764351534363
2012-11,-0.009672047613305661,0.0509008742883917,-0.003749605389445796,0.03279852947439128,0.046254252498750884,0.03224221957844302,0.04059544268802839,0.030905868397372385,0.038112385402619894,0.002273535359450888
2012-12,0.026991777356833693,0.006294099925400683,0.007420074649739167,0.023451111377938916,0.016854614256300107,0.013567583677372475,0.018101233532134987,0.025610719140554235,0.01010977716549314,0.011084580614468811
2013-01,-0.024163488494249197,-0.0037389901184209824,-0.01930548338798844,-0.028172208715791947,-0.01297341568324193,-0.03197292643413022,-0.016447071620161294,-0.019294465580748054,-0.0176404108767588,-0.02714203930030309
2013-02,0.006851069775085006,-0.011116980800953748,-0.005579057822867047,0.0028712510344817348,0.004171703755326996,-0.0207884651513365,0.018801601309327114,-0.012718401662655874,-0.01370959229570744,0.007566515667926611
2013-03,-0.012099121599322159,-0.0050296977581423446,-0.006263992321934026,-0.01495770112719965,-0.0008489068713984297,-0.01210945064460414,-0.0019254475959226856,-0.00142982446202019,-0.014019052981122757,-0.017802728513073077
2013-04,-0.022286898930871168,-0.018288594533839395,-0.029064558946454055,-0.004875165573260426,-0.018670448522222206,-0.010648819829163353,-0.0042124524848319075,-0.010705990907697584,-0.0066662265870414865,0.0021345421302292906
2013-05,-0.03134312600868393,-0.03285105113731904,-0.03733794545861271,-0.04596111727412585,-0.05424285217335526,-0.04723629435652594,-0.034102983160807815,-0.04901150758002166,-0.03944548626039158,-0.04905978926961446
2013-06,0.0005528987972369611,0.012501473990482355,0.0070765987901206025,0.0047743055106792415,0.010661000115583068,0.03266601270087369,0.008137196173808309,0.005342643277424547,0.008860878207231823,0.021860410628358824
2013-07,-0.02399055460202136,-0.013905518187598713,-0.020199849766076507,-0.0565789262260523,-0.010823636428676415,-0.002462294043610387,-0.027095895525655035,-0.020302250264012375,-0.020764043990731316,-0.021453675927964794
2013-08,-0.015609467400695787,-0.013979081914379111,0.0003022020306895903,-0.008051528981354195,-0.012516343690292588,-0.007832688237494018,0.004724196280969212,0.005070606863262808,0.006324266034958152,-0.007013613652822017
2013-09,-0.10983303013993309,-0.1127328773137842,-0.10246370157721665,-0.08185804757783106,-0.09747931004207533,-0.11096382747205827,-0.09083556047236858,-0.09384790758371565,-0.09173026968370818,-0.09632145701778416
2013-10,-0.043560721755006,-0.04499780972171479,-0.02786478140668609,-0.026801691613556694,-0.04839809877982457,-0.017433665113361484,-0.045479186276730574,-0.03990268521780023,-0.02685121350759382,-0.0553845022578683
2013-11,-0.06153008560925808,-0.08243542649833002,-0.07738535632789655,-0.10863196087558395,-0.09562052255950204,-0.07310073030577133,-0.08345662389453971,-0.08258037793448027,-0.03987410300467339,-0.08455557854659489
2013-12,0.0750566540138738,0.03345635970831038,0.0660069189913267,0.03949287548612606,0.059431980014049146,0.041457127601223616,0.06343567375905201,0.04881190340762428,0.0657293608582214,0.06009093079220137
2014-01,0.0010171129997312701,0.008806283677284903,0.004154044178532561,0.014050042738619165,-0.005291055708298744,-0.008031289933519464,-0.008761557362695275,-0.002672180623708764,-0.0037552559025557522,-0.011271797750503952
2014-02,0.03136452694228138,0.007965310642761821,0.03580343638842309,0.02819382766554191,0.04844480720741452,0.022331385212440644,0.020696433960049002,0.04266491456144811,0.02319642585905122,0.048939688332534835
2014-03,0.02571165738595484,0.033424003767160274,0.03626279328842144,0.03444031683601788,0.03788982640116023,0.02517468954935264,0.053036816760115534,0.03946958350910306,0.04105434773484723,0.03729056555410372
2014-04,-0.028992966562475193,-0.00333840057140702,-0.01942860872999977,-0.0257021266552971,-0.006521689046248157,-0.028048824654309155,-0.018527826927858853,-0.01675041796872334,-0.03429639631772659,-0.0029703974064002802
2014-05,-0.019719566897043135,-0.02768178022075305,-0.006557500674173223,-0.010326734565751238,0.005085949270968351,-0.008755280357912036,-0.017387723734476307,0.008903951557545907,-0.005430307497828963,0.019180601743455303
2014-06,-0.015709635777756654,-0.018764900410091462,-0.014494971230787804,-0.018275634452546385,-0.03280589199896807,-0.02622530458510609,-0.028853747448639947,-0.04530408770347423,-0.04405431567648282,-0.04105288617417548
2014-07,-0.043096886044705525,-0.027579691880922134,-0.030714275064911138,-0.01818762459524747,-0.011023753089105918,-0.017713599581838813,-0.030110596929301563,-0.0341880394123396,-0.015590044816490229,-0.005400828344686745
2014-08,0.024713853626241983,0.051626408284316576,0.04259263077581374,0.028995769681799184,0.027304626447332635,0.02913252275278828,0.04029234369569261,0.041051076056098465,0.026365189975638213,0.026684889043058192
2014-09,-0.018326607842796157,-0.029593563089021682,-0.03928836244160478,-0.037029368364978964,-0.0306088887013647,-0.016975439037879885,-0.013206787148103855,-0.036171999757236555,-0.008865610637760635,-0.03711879433246446
2014-10,-0.010952960542517468,0.00763444358738277,-0.004803787758752179,0.018055403604120564,-0.0006901104482766134,0.0062521068329796665,0.020710523084149307,-0.00812401081773972,0.004091737123056867,-0.010494518125732537
2014-11,-0.010153745044665229,0.018860024124278302,0.012194622139798394,0.007954896482622967,0.0026865724449793393,0.024471606770575652,-0.011421260422213676,0.013729668282148126,0.02335765811671486,0.012207635081461655
2014-12,-0.05467200967415871,-0.03428826144737482,-0.05408402021330855,-0.02469215189006692,-0.038456602486912704,-0.03384770898346044,-0.04637330798313812,-0.03498584012418873,-0.030321729105262398,-0.030275020311933087
2015-01,-0.012882857456955226,0.03406600305325,0.01401648162025997,0.03005067524610812,0.004848185806622758,0.027690930472134737,0.030939474742577047,0.03061330917408688,0.03243381375493262,0.0790125964199565
2015-02,-0.045149486581772494,-0.024434460651611936,-0.031172018227977976,-0.019512015199055432,-0.02457259113324929,-0.01688102038388608,-0.02608056261977499,-0.025709278115570916,-0.018876180474831604,0.005139330407152931
2015-03,-0.030964467286059793,-0.04518138086219259,-0.024012840770657958,-0.02563968858073142,-0.009454137678037938,-0.031135458312352114,-0.02386154968737245,-0.019363733234442442,-0.026050123752459742,-0.0405730331498312
2015-04,0.024041912202980138,0.003046596597135525,0.023858734881511592,-0.019775262728773148,0.01757273361872271,0.03319787730443209,0.017901420392137483,0.02888919909558782,0.009670590549297704,0.03058659319316573
2015-05,0.006492695381895721,-0.02116707801794891,0.0011077489239433686,-0.006855740750109074,-0.005643359709690843,0.0022508623745867177,0.01907095934265945,0.0071808439175483525,-0.014362705513096654,0.03897572798445084
2015-06,0.0021604801357064554,0.030877303646015212,0.04768030149932509,0.04820586063539148,0.048402855949352716,0.040125841978584584,0.021126643851335683,0.04973743006245543,0.05163414295727421,0.07182140882115934
2015-07,-0.007105309121793957,-0.01990929226159569,-0.01376857588141562,-0.005140021991784824,-0.007045467737774951,-0.014451528615984845,0.004370845978030058,0.008131226636080825,-0.02699124558020311,0.023075629543854177
2015-08,0.008020169248352724,0.014611660520375757,0.018893980877741332,0.011674528764937369,0.020220276653512018,0.00451121008835808,0.019475310988771144,0.011091817190557624,0.010633300247783821,0.01470686300873719
2015-09,0.05159659156423358,0.026082124046372016,0.02044219802422184,0.031826518132667805,0.035652831048911836,0.0170907249911881,0.029599405247390655,0.04098550874743362,0.052479771615942354,0.033844052913516436
2015-10,0.05118144322025547,0.03668768070747728,0.057446139708473565,0.06304546990021218,0.07640745244773153,0.06070412931014567,0.05718083145620789,0.0830599692579009,0.07817409179781015,0.05071313739487832
2015-11,-0.04687831983340328,-0.02244745551549001,-0.05669262067656945,-0.017940803574037472,-0.05045437662438709,-0.03676701823370594,-0.0471953443555916,-0.028553953985715377,-0.03982830094616133,-0.02984488925133842
2015-12,-0.05203788845606179,-0.0033062893508893124,-0.01600043085217382,-0.01175961548874583,-0.030927615852631717,-0.028487899952435287,-0.02254091760972417,-0.01338437487040464,-0.03488020493195028,-0.00530502628297506
2016-01,0.007748198322449544,-0.01439764601206867,0.044205318473267814,0.003036219081155294,0.033105046267476075,0.03018206264022519,0.02544485715977624,0.01332779037734077,0.0406710506486546,0.02644851352723565
2016-02,0.08106383125448881,0.06489823919020252,0.10882976678538142,0.0703391272751945,0.09277970439077517,0.09123379283577057,0.10573421280530595,0.07069412608828737,0.0976200905110834,0.08203557925434057
2016-03,0.03964375905977586,0.03705346673325997,0.03239697329003225,0.04306839891347611,0.036220465538707024,0.0362225433910465,0.059720286541127106,0.03568399689355719,0.04542431660286374,0.04345665649291332
2016-04,0.05241538422339469,0.05682314710735296,0.06498947211373277,0.07645006693475426,0.0855435257795695,0.07447485596349426,0.08892890750180722,0.08116086080084979,0.06527138596771141,0.06667275926280364
2016-05,-0.011502584281072557,-0.032042417928190146,-0.031575303125777575,-0.0100495532663213,-0.018838582567539387,-0.030760805147265494,-0.03149173612470209,-0.009750961547667771,-0.028904766722800512,-0.015243067369641192
2016-06,-0.04504258902901128,-0.015205649102381516,-0.018342709985743628,0.004044828487502777,-0.011019688457421108,-0.03412378965937637,-0.03741368707704149,-0.001924442665711178,-0.016155622027397912,-0.023690096357718696
2016-07,-0.01672992307143636,-0.022265623135364006,-0.016592677850434237,-0.029230357484092417,-0.02615820266502033,-0.02559020326607445,-0.03101072832339708,-0.03455361694479709,-0.02095272671606288,-0.02861470709242652
2016-08,-0.015179819271736315,-0.003980057095842531,-0.005404722601726555,-0.004647522011333373,-0.005366653135072448,-0.010384789339454872,-0.02558515267725959,-0.03186129069762014,0.004672524519442623,-0.011415440010972814
2016-09,0.004535709248469729,0.012936265702813381,0.04556136303429269,0.03672687221358855,0.016088186028079925,0.03591102100948544,0.04046656338140356,0.025455257428346614,0.022875912236363947,0.023971096512375095
2016-10,-0.026688876897657907,-0.017169701434578907,-0.01805939666517482,-0.026966739097134384,-0.03252425891111122,-0.02007925746340342,-0.024024960828813984,-0.031021132949725114,-0.017750836600027322,-0.022039203791543713
2016-11,0.006740196295238508,-0.016517633273429637,-0.009971798694863422,-0.007025815570273135,-0.016583064062013222,0.01466753290022068,0.005570520657628912,0.0010418698530288153,-0.018393616737577806,-0.016608905589819367
2016-12,0.14689281775823188,0.1382285439935682,0.14767605319284416,0.15692285602425105,0.14416038284062532,0.15544614811727586,0.14896951702419262,0.15452414510975546,0.14024915315585093,0.14711949009554984
2017-01,-0.013718886030425577,-0.03243272595870539,-0.020674614157160796,-0.021721490802947302,-0.01855695403163664,-0.00709057321570932,-0.011206379079909574,-0.018593977709933394,-0.01897076956779419,-0.014075633673812352
2017-02,0.008786562902694063,0.035151005902354114,0.010327578658208119,0.022335690735633275,0.008743646148272338,0.023782541504657573,0.03391420846044116,0.026365054979413348,0.03568552250198272,0.02270923905288151
2017-03,-0.018609474976363182,-0.003683810177199739,0.013080348571357413,-0.009260800371567093,-0.008923863110646458,0.0037516414289922246,-0.014115526556858535,-0.001851966066674923,-0.0009148794555722555,-0.005138929122491829
2017-04,0.02445655397476397,0.03284402294654299,0.03327796989444669,0.02278108174344213,0.017135936764263667,0.03663704439854625,0.026891277201450466,0.016177512075437432,0.02740424953059804,0.04931663080352419
2017-05,-0.022341013359657175,-0.01915641520620247,-0.017228513273280115,-0.01729657502122039,-0.04302918558965166,-0.042364690367256035,-0.029181950503504805,-0.030449331111085373,-0.010478723636429698,-0.015212050702141136
2017-06,0.024358341879579876,0.01907048109922591,0.01293176043792561,0.009218938367503269,0.003092465426393226,0.004094288525848775,0.0005670304753603919,0.0006093395686014717,0.014073211259084499,0.0002609076491766819
2017-07,-0.0294725722416106,-0.026844661079978186,-0.04177686418143186,-0.05666628948487363,-0.04404551774848837,-0.03789040937294706,-0.01925325963115378,-0.022853192718922548,-0.03852155405213655,-0.02386175010272081
2017-08,-0.012766612901700693,-0.007957511148805106,-0.01561777489570924,-0.01032788783004459,-0.0005892743863628045,-0.007098083823270075,-0.02461164504869251,0.003494268432102155,-0.012559103295562275,-0.028884022900575977
2017-09,0.017421550898809084,0.04960673913247734,0.055313704982758484,0.047574454108969384,0.029645607643679024,0.053039461646230315,0.038006451442573384,0.038006257203353176,0.020310218321168486,0.03558295680518344
2017-10,0.06840080507427403,0.07236568666973411,0.07844033116731339,0.08911962765298174,0.08571615082862297,0.08018671518226683,0.09539516176259351,0.07917335369580938,0.060077322904443134,0.07393106120399799
2017-11,-0.02269241412059092,0.0247894043034024,0.009360244016283463,-0.015460523132552318,0.0019352951586970896,0.0025958849273864165,-0.01169543066036903,0.003385964195540056,0.004227178503727376,0.012356804923163456
2017-12,0.039407675809454104,0.03599688570064055,0.035386455504779514,0.019756456036549894,0.044902933978233084,0.04613318108599492,0.03133687159839406,0.030326448057200743,0.04022558902934379,0.042945754920496765
2018-01,0.032796575319160616,0.03446571442567556,0.02331378486124138,0.02749431293365742,0.021896314202742434,0.05178386542390978,0.041602501432714725,0.020507333557373518,0.040671319385122355,0.03534197551547409
2018-02,0.010869781854144651,0.015301350891924383,0.006389672558769449,0.008711182659968833,0.020385185353377702,0.02716113580582063,0.002315155517098788,-0.00233147167613592,0.017404782439262283,-0.00021396569857162762
2018-03,0.011492610427995362,0.015399801408902576,0.022974114517698083,0.0241351040313091,0.025410184085197005,-0.013458482008721502,0.03181302464260077,0.014711234887494682,0.042951958720565155,-0.00023174622129462923
2018-04,0.023882127310951993,0.004074651544264192,-0.000307576930815586,-0.0003474306499525229,0.0018582349084605237,0.0178888834471035,-0.004489406160699178,0.012263920563858203,0.020168685371183125,-0.004152791458882799
2018-05,-0.020727612037567997,-0.00833510822581399,-0.02064652371172417,-0.011349097738773083,-0.021236897926247476,-0.027507306402373703,-0.018169014265020197,-0.007691731911006141,-0.008945406790572414,-0.01788605383865543
2018-06,0.038791624083505526,0.07733265633992477,0.05403395614605441,0.04834777733180615,0.0491991059495165,0.0677080653214362,0.07711400617779593,0.05663319758097937,0.06662015742637734,0.07801408320949828
2018-07,-0.019945139559350664,-0.003331277191625407,-0.02961028111055754,-0.016332837809011864,-0.032070445883273985,-0.03700598207577413,-0.004859709123308431,-0.01224229914324854,-0.0016446220813712085,-0.018397301057310283
2018-08,0.026889050512955336,0.02633419595582599,0.013347573138500247,0.0375151149035793,0.0067649438274610145,0.047905245000807214,0.03312126606276918,0.03155432522304714,0.04918467097644056,0.0359985842620836
2018-09,0.004963638281818527,-0.0009358578407766076,-0.013516905815255787,0.023727630157885357,-0.00148981643104089,0.02809518227897302,-0.02786754309709626,-0.012671675934320035,-0.0014983886580184945,0.006499792789054633
2018-10,-0.026322504866102523,-0.005096090017989537,-0.02014957865692231,-0.024005350342505116,-0.023551113061549705,-0.03001699846105756,-0.025497087558400383,-0.009535568117259011,-0.03232136025827337,-0.04520151729369896
2018-11,0.010433898857611059,0.0096240246368976,0.003409576085766318,-0.0016230605882501848,0.020769338865475277,-0.004359734137468469,0.014471302360907915,-0.009613446277737482,0.022876969616977525,0.014788161044081151
2018-12,0.019245879895591775,0.011091706109095793,-0.013329841054013579,0.004219300880866778,-0.007872853796468675,-0.003912367748773845,-0.008006117916373257,-0.022812286692635547,-0.010932886047031019,-0.007429770110371031
2019-01,-0.006603899431666569,-0.007763464375210122,0.0023445704612242817,-0.0004329573196475677,0.011672077024380495,0.0013177322344636562,0.0029750021478321315,0.006259190606583194,-0.026602012964474096,-0.004434025854158468
2019-02,-0.053500236450096564,-0.04935500010743585,-0.05410229014579488,-0.04152097067073874,-0.06612779272620595,-0.04253317732525743,-0.06447622164459989,-0.037430534602521895,-0.03946463075488468,-0.037068410527588386
2019-03,0.06661058131137489,0.03461940555585065,0.05923215677475711,0.05730926465549576,0.043950760709456776,0.0613258414286428,0.051625002823085006,0.04994194345399057,0.06704949569862052,0.08101955490484364
2019-04,-0.0030296667251712575,0.001532486728268436,-0.013570359555493284,0.025420646122012076,0.01575902217326612,0.0007904808227213085,0.008630092057738771,0.025080859143954064,0.030978420319785073,0.020960588241980844
2019-05,0.07796217205653123,0.10716881810374604,0.1130899263083157,0.1028334660087448,0.11350482724965433,0.10352041023575961,0.12535592412876873,0.09763893884549459,0.0934383414775765,0.10312182773250829
2019-06,0.034340940632328364,0.037538788348581445,0.0715315157772198,0.04092229999706176,0.04968739689799323,0.042006106413200274,0.06271206127416025,0.05325132088493201,0.045002776495685216,0.06463964069225103
2019-07,0.03831797948891843,0.0474848398816501,0.05655635184400036,0.036404405746668866,0.06148850199786472,0.01806784200837181,0.0679004922114343,0.07829225054092544,0.054744679071533166,0.08694975472956554
2019-08,-0.0069341791550029085,-0.024757945308652884,-0.009058634335779686,-0.011608289895608857,-0.0031376277374501986,-0.014647409506485602,-0.024902278825090437,-0.000630114117860799,-0.018852811122939815,0.00690874559795357
2019-09,0.0036311644354653436,0.019358369667351348,0.01496956229246741,-0.007754849977474507,0.0058094922488474395,-0.003947398574542399,0.017032920963958795,-0.0005331409967574111,0.022696778555873574,0.003491125987210891
2019-10,-0.007005662325764678,-0.04070678804653705,-0.01329742932527983,-0.01927975578851098,-0.03294922950959581,-0.020235942410674567,-0.01761991540601803,-0.014066067143229081,-0.008611468590380039,-0.003227217261245927
2019-11,-0.008770121784402394,-0.0007835281571280555,0.005831374614923039,0.0009501121939227673,-0.013170687087624472,-0.009438351152884798,-0.006805862759074716,-0.013913206459345543,-0.007348864014734313,-0.024784657366044693
2019-12,0.002515859117752243,-0.01091178000814532,-0.011539720953338595,-0.010583646445680429,-0.024138647883363853,-0.02225755600766829,-0.010908757292682937,-0.017888943716984053,-0.0048819481826896105,-0.0068279354366700615
2020-01,-0.06852412099178246,-0.06717083585079248,-0.05094889005170928,-0.048679817634057675,-0.07144926638268802,-0.03261900895471055,-0.07675800751286153,-0.07445251398138812,-0.07069317447937114,-0.06331725367255286
2020-02,-0.05747343813629732,-0.024456369552276803,-0.027245751626436766,-0.03392957925121571,-0.019520656598607612,-0.01982763892821085,-0.027564547188509845,-0.019560325277117745,-0.03049162855408929,-0.04729415686401476
2020-03,0.03501238930432365,-0.00015699811772075284,0.04617985128914499,0.03531945007720711,0.024763907405728276,0.043741332612201686,0.040306300144097584,0.06373272052329067,0.04524089561464655,0.04970757694265751
2020-04,0.018471745694520935,0.02448194584252143,0.03219993070222949,0.020448207270248358,0.030472702264210335,-8.764439503728772e-05,0.03030911287637023,0.023216432146927875,0.02717334427003518,0.005676877274454881
2020-05,0.025605414699348704,0.023942858319554526,0.044155288320363396,0.03479767924988855,0.01972930856400339,0.04230485914443033,0.040536434714087105,0.042050160167224904,0.03054038440256759,0.02385036149685866
2020-06,0.05007003048813411,0.06766793486134673,0.0661800130302762,0.05867461701703993,0.06500519191412805,0.04683008797439058,0.07021494582205438,0.053071487501767343,0.0645086492122718,0.05885410723627722
2020-07,-0.04019796912217399,-0.04351138388511124,-0.0519975962142884,-0.04461753216593501,-0.051913480647646844,-0.024399105703243686,-0.04875870409591599,-0.04312144764169063,-0.05282145115958305,-0.021746044177752073
2020-08,-0.06971554424242206,-0.07313223921463986,-0.043873929101416506,-0.05586532477995159,-0.06625008138575397,-0.07318260538940323,-0.061373220053812357,-0.0731437824513544,-0.0411662587561751,-0.06895359397882403
2020-09,0.0431220376951086,0.053965219127818265,0.052667397098919516,0.057892865451886405,0.051963082720168204,0.04936498658699598,0.050129829952456705,0.06634114586896357,0.05895396914062344,0.06544257870564467
2020-10,-0.05793217183317035,-0.027214118272221862,-0.03654996811193492,-0.031680012575637205,-0.04260719919046182,-0.03402036169349133,-0.0451277381616436,-0.01817704099140921,-0.04172048034494508,-0.034807755437010195
2020-11,0.04325161170008549,0.009355128250742637,0.047839937557023524,0.040590092776558485,0.04283809845092218,0.03974301330453815,0.059891067298816866,0.04022436015023233,0.0500449318497372,0.04102827274733595
2020-12,0.026836344920530296,-0.02604341178953914,-0.006882506473173126,-0.007090661841615668,0.006623720677992667,-0.026718067917416956,-0.0021773056358646552,-0.00416016602730853,0.0136341363551337,-0.03146053625496303
2021-01,-0.06355674392569716,-0.05708730729648944,-0.036858904929248364,-0.038813411918422386,-0.017543403159289046,-0.020766881338933424,-0.02458364371602937,-0.030433759006926187,-0.03939902552334626,-0.022321032548833504
2021-02,-0.07718840855199863,-0.07256258182658963,-0.04904257376122426,-0.04776132336242333,-0.04085911532999288,-0.056247600137578554,-0.058229575786430156,-0.06259209978860031,-0.06408938958077408,-0.04773732971935436
2021-03,0.050502279765642935,0.051018463257040916,0.041915859887498914,0.04505152608703538,0.03269603610725524,0.05352318473017484,0.059072821361056994,0.06507593818060847,0.04714792384865559,0.04913210473602099
2021-04,-0.0016602463205597968,-0.009120741639564896,-0.013476074921434135,0.008622362430585426,0.002988975798985727,0.010135702064591029,-0.011262159816920072,-0.0008963463666794005,0.02056323539326126,-0.010874085315650544
2021-05,-0.008811418289313791,0.016007052411241084,-0.005142159755277954,0.011473171268080912,0.004480022556809637,-0.015854431988058377,-0.003969207270756402,-0.008350026657673659,0.007936236829684851,0.004254084070722006
2021-06,0.0030622402076668485,0.021280224846824805,0.030091802413900564,0.03752822990021657,0.014914568996951207,0.04814034314976979,0.015429452093014509,0.06019341458726762,0.037916185913912166,0.013234839949268459
2021-07,0.04148460194692451,0.0437594029062419,0.027298662957133086,0.04139373581846926,0.05270753142721169,0.030900553600773272,0.04987241642694968,0.0451691276300822,0.04581581702761478,0.06937636587045803
2021-08,-0.0345715743379048,-0.03267792426214795,-0.021687888875020225,-0.05101527768087369,-0.043245321022458906,-0.035377451418511605,-0.06057252632105006,-0.04496237136979293,-0.03964075789613496,-0.04886619850914974
2021-09,-0.0062814799589075146,-0.018552708027617285,0.00198329730317622,-0.009084082184617922,0.0016335914259380888,0.0006684946134290007,-0.004137590107653805,-0.004955327600193506,-0.00532634423183326,0.0038940931531175884
2021-10,-0.01224286015719203,-0.01600467175896301,-0.027978401643977368,-0.013341251924430062,0.0012892787190815996,-0.018275359856771485,-0.019267263172526958,0.011698372736356454,-0.01915661241838007,0.012719566419574975
2021-11,-0.04155717629071286,-0.00036701449884114,-0.006681527515150393,0.011919792220299812,0.01920807362596352,0.021984985088833366,-0.00473128297522972,0.019684558075209174,0.005045409924316743,0.0037314401999718368
2021-12,-0.0413007183924379,-0.018130259252750993,-0.02539070000516485,-0.025410765048291,-0.028648776080978926,-0.031500790937070464,-0.04225786946616175,-0.030050694359958233,-0.04542191802568532,-0.024592656876763697
2022-01,-0.02874868571389789,-0.03831260099720629,-0.040883312226559484,-0.045154735639717336,-0.007820539439710672,-0.027402252195408205,-0.012360167323329242,-0.011713359381575198,-0.01254999561342474,-0.01821970580020908
2022-02,0.006673588423890198,-0.01392676430813522,-0.030182688966392954,-0.004658536291022463,-0.011362313400153493,0.0029046375937352375,-0.0012544042436286608,-0.0076262530014443025,0.014033746868380114,0.00018635412402519865
2022-03,0.008076097337395003,0.0445341129671367,0.02478526102297637,0.03709978145090495,0.03637007640128497,0.04182144204392635,0.04186488341839348,0.03412915602697411,0.016136926166711224,0.06164093507686154
2022-04,-0.12174047028892482,-0.13404848097828045,-0.11065510981109883,-0.10449058456463207,-0.09155709781900716,-0.09314915218508195,-0.07755984959878813,-0.10127914671131052,-0.12543985331584753,-0.10055878898782411
2022-05,-0.05872417415108824,-0.07385030997194736,-0.09003141568028122,-0.05363908964104319,-0.05996927348162928,-0.10489796606373747,-0.03907122554510641,-0.08083573004140036,-0.05878334253180472,-0.067555367357434
2022-06,0.10114198557918035,0.09639981538982971,0.10339742325391815,0.07406952075381756,0.08156342735289773,0.0863978181868048,0.10149731505911788,0.10447579420234447,0.0859941316601221,0.06767631131467289
2022-07,0.022874043407218894,-0.005844927373756733,-0.008337557600157454,0.016192559365587264,0.016110852687499455,0.019501048416771322,0.02061520597584222,0.0012333777628996865,0.02759146240153334,0.002855847912392682
2022-08,-0.04649112871497804,-0.017610396819707757,-0.028635548269236148,-0.018978638454359573,-0.032932841315572545,-0.0061743534685110135,-0.0017043369141917174,-0.01132015813397711,-0.008639232538978093,-0.02272054226352847
2022-09,0.0018695437821780291,0.027689131560228133,0.014966831591107984,0.023852278113860002,0.018977461758782583,0.013516957246286047,0.0021159256183857227,0.03532784657464669,0.001952200394009589,0.018207999977236416
2022-10,-0.035684316768119874,-0.03071906297085638,-0.0330984495264507,-0.01311066850980766,-0.014732851095005994,-0.027932454636443647,-0.03965645200239393,-0.014267220047048128,0.006749458188941692,-0.01132995504229444
2022-11,-0.15069427017645243,-0.13171778199739506,-0.14941666794256206,-0.1287810093318389,-0.1324053985131272,-0.1381985955127676,-0.11810815544703981,-0.11040075758274896,-0.14151313638336926,-0.14664843318089696
2022-12,0.06775652955999814,0.011904979474446938,0.044321226358316666,0.030471720108233947,0.046981926304482,0.046746305609896406,0.04025239647480358,0.038465833962099134,0.05130130073081157,0.021834084946621167
2023-01,0.028559471463883795,0.025942035219175437,0.01783287367647284,0.04931115329802545,0.01714775419407318,0.01530027805726905,0.0142942329136688,0.03801125507032723,0.04425772208198037,0.01633676986491631
2023-02,-0.051882658429251834,-0.06669143380703203,-0.05555738304164224,-0.054832191144239664,-0.04289209527682979,-0.049061777455695205,-0.04625458018046308,-0.06107988431715356,-0.043268243567822134,-0.05217480199189853
2023-03,0.007151933706025626,0.00657795019552634,0.0057893101425877894,-0.0025627648649728246,-0.01010631894094458,0.006754404309430617,-0.0010405198709857906,0.009079481330789283,-0.010273581387784012,0.006084615518302774
2023-04,0.0019363554254258144,-0.0037009327409564803,0.0021662558957779793,-0.0026026107362917086,0.01772118982770521,0.022753090119348573,-0.006308362092395206,0.01812107381740232,0.011282661058696677,0.019229353380046055
2023-05,0.0005703027436189964,0.05540113780049678,0.026425385698712632,0.02329530479695791,0.030201162181557755,0.021018278353462025,0.013585343900864568,0.027179852182269343,0.021577823127779908,0.03839255461837049
2023-06,0.027256379454673935,0.015042622719347601,0.0015848096987266169,0.008599021693479567,0.0064166176750834625,0.0028608113811690685,0.009294269973694442,0.011679752996669065,0.007284879974446172,0.013612644356304422
2023-07,0.01771958071994422,-0.01057184734758979,0.009397350364626559,-0.001774062885897724,-0.0161086369993656,-0.02686286401103313,-0.04540120869352751,-0.03954999818943343,-0.014279562051509233,0.008387671085904653
2023-08,-0.047054345820940535,-0.020325896336420086,-0.020174192101985424,-0.02553775591535935,-0.019067469190119965,-0.020304138584736602,-0.024945667452841346,-0.012601693474870265,-0.0005013767953374865,-0.014636821234320758
2023-09,0.026873570785077898,0.01385818120074263,-0.0003440368617811297,0.014680894516513603,0.021095145824008992,0.012294943243627884,0.019347193405642234,-0.00575950586986396,0.023334398322197303,0.04451378349687254
2023-10,0.0788489795011154,0.08308571608313606,0.0783720837722929,0.06330346593056985,0.07934410332164583,0.07909433626155332,0.06710718196633139,0.05224020426782091,0.07759025949413423,0.05460597750352247
2023-11,0.07725669429592938,0.03322597138015838,0.05627137116946701,0.06424530191692304,0.06730321081133901,0.05856263803648514,0.048670366970287954,0.05438772220607289,0.05479510878346663,0.08333224756944499
2023-12,0.004000429654439664,-0.03523656986776555,0.016200039971949336,0.006041750769185867,-0.0030698858332538696,-0.005036177750349925,0.0035453501726427773,-0.005144641579513209,-0.017895587544527254,-0.007609537365320728
2024-01,-0.012667336088803641,-0.014103309161647527,-0.016500499997690283,-0.018916560527704223,-0.01031826448009864,0.0005634013552643182,-0.0062996535145105025,-0.018205093284315983,-0.013098072050762603,-0.018778185742618303
2024-02,0.033346269778517755,0.0320698532495026,0.03209031074623922,0.038061847381869095,0.00800647270306377,0.02761320803848396,0.023498391225170046,0.01470131143417367,0.03443369254358604,0.01064030055951759
2024-03,-0.007928439577408365,-0.01717480650223952,0.005840384004064019,-0.004496768965297597,-0.004463264918550024,-0.015425038493083775,-0.009871911723662016,-0.02174035165806338,-0.0004890956617727787,-0.004996775836826601
2024-04,0.0933973025520187,0.08562363676078381,0.06304231639891353,0.07726401488731786,0.08099919792840253,0.07990334277498917,0.08127354865462742,0.08388921134561882,0.1005765867102856,0.0966766077909881
2024-05,0.016166562513486398,0.015189881581494251,0.01145920771923179,-0.0016711652600006036,0.01161641522863648,0.013890086833937734,0.00587718102265772,0.014172564225187726,-0.005058646482764394,0.010155592194666961
2024-06,-0.06886594759682611,-0.060817473549505945,-0.069706929543993,-0.05173684018092694,-0.06516656162383544,-0.06073483477256611,-0.05448797252639041,-0.06572780591399108,-0.05157598249928298,-0.049791078382045946
2024-07,0.01416676775673089,0.011478120786051135,0.005122200137949051,0.015135086264201087,0.02703274404474956,0.01857639792959712,0.025907576745471984,0.03726500318672529,0.008691811684656051,0.02643910366544379
2024-08,0.023159455071939443,0.03304156860392034,0.032881105341440876,0.024608522131505814,0.035417712810968865,0.029654463038154777,0.04836173080451626,0.02931249949009004,0.030595765861194023,0.0412556077280964
2024-09,0.05560538488263068,0.02758422952949655,0.04942650240735043,0.055789213292241915,0.05854949095850205,0.05506290242419195,0.057371930778382756,0.052319393037672,0.05200917166475015,0.06327454364382602
2024-10,-0.00903676042524986,-0.008228480381798837,-0.009688096601573232,-0.00927699196607206,-0.023403754787747033,-0.0053752657112238035,-0.013108843311413175,-0.004779857168093274,-3.3426682459072356e-05,-0.013654699879941142
2024-11,0.007196345355329768,0.027608578360484276,0.02849671380660657,-0.0031126091975481815,0.02408641600127549,0.019826910549671756,0.03120614998931448,0.01850820451191025,0.03137778197062857,0.02253790338408815
2024-12,-0.08461781196450423,-0.094131526802727,-0.10987290085139688,-0.08889070271723798,-0.09484498876430218,-0.09055711296551888,-0.10156996458502192,-0.09009818833625131,-0.08903388779509186,-0.08632423204227917
2025-01,0.057371613636093235,0.061447443902317794,0.07696330073511203,0.05655115123212126,0.05907408475524872,0.05783057431086627,0.055491644771900515,0.08178816010176829,0.06311763451283654,0.05454384484028189
2025-02,0.03876061257499369,0.060889092028212896,0.031958376627155956,0.0488028762673765,0.06203010593229396,0.053263871745038015,0.06467057744311774,0.04103536907980016,0.04679444574947732,0.052898377223738684
2025-03,0.05226696578368911,0.03350481444738349,0.05811511035429924,0.07260907347640622,0.04493698298162994,0.0773296189396902,0.029817620355808573,0.04365636429564416,0.015119913013312116,0.0783195250141898
2025-04,-0.01241154847319215,-0.0006291205674308366,-0.040755080045719635,-0.00420724007941632,-0.0024515314851930527,-0.005494379055183853,-0.008240627101549408,-0.010515302007136693,0.00894749154830777,-0.0029745897639569816
2025-05,0.034167661892476095,0.023941072598615904,0.00540998719812334,0.012992970114757443,0.010937014713440066,0.03943698844712392,0.016903349266781695,0.012925790939128644,0.0031046426453059978,0.004000673103223729
2025-06,0.03690799786591211,0.01409855232092784,0.030249482709021558,0.00617261625814556,0.022868577188319437,0.0268748206488822,0.02432493875052011,0.03225756825021785,0.034621422769530334,0.030054451612110084
2025-07,0.04016004769914929,0.08349039971896384,0.07787542773453568,0.06276035899058151,0.09091625421929675,0.07000709694011129,0.05812983456815567,0.10080995882332207,0.06742407593903377,0.06457604427706497
2025-08,-0.056475174847867494,-0.050135742232001866,-0.045282944707354986,-0.0417134620241595,-0.04428585593374661,-0.055557321886393465,-0.049318441519162204,-0.04757970742770679,-0.058534032967258155,-0.06882825070843597
2025-09,0.003569700030225563,0.03132357987752904,0.044949261646476085,0.04474954285872329,0.021517542044729786,0.024909481430723857,0.021539838102060904,0.031133207131788233,0.01386716875149489,0.016073104900456374
2025-10,0.021503775533331194,0.006389291467258127,0.03091984186568268,0.012197021003409542,0.005471405744065628,0.012023292127994575,0.019725821833790708,0.02027697840368417,0.02221777751105045,0.034249092131421445
2025-11,0.046264554010234486,0.029914521205492456,0.0703028211709156,0.052390432776284045,0.06026745188916038,0.07254525601375196,0.07583315057296353,0.06623982329456915,0.05274025630918954,0.06869720162217689
2025-12,0.041859374163236235,0.04464852693920601,0.02615819605289652,0.017919941701834703,0.02155743495943485,0.03288336316337414,0.02549361483955384,0.029007802522233967,0.04001571106146036,0.0020943485543393064
2026-01,0.0318509407495003,0.012478581222814658,0.017630930729385333,0.0029951727895303672,0.025318172975650546,0.028861119816829685,-0.003755648393432732,0.0122188352506865,0.022699687321982794,0.005376803888698956
2026-02,0.022744465221582914,0.016614930441513628,0.022359491770555528,0.012363828341194271,0.00731002107312332,0.02435861036102528,0.009471795342501008,0.019549062300353484,0.018901053414652643,0.0015683914887525542
2026-03,-0.06286750147535938,-0.09490471981412216,-0.0522215800632812,-0.07546003139927009,-0.075374042130275,-0.060747325021806846,-0.04894391539691415,-0.06315171337975867,-0.05495169308431494,-0.06540472559116543
2026-04,-0.056302307477236795,-0.08580280824987724,-0.06415008538548878,-0.06596527192030006,-0.06975380208749508,-0.04990131248637398,-0.06995637297790008,-0.07739654944908933,-0.08303563263128803,-0.05979676527928046
2026-05,0.0019726458099653763,0.02720397674514436,0.02132899042305139,0.03127842201013807,0.03192141675717103,0.032990216368903674,0.04483999415255457,0.03712610476260762,0.0345793664647197,0.02459438037229901
2026-06,-0.03297400457250263,-0.02474601305226954,-0.020805125853432787,-0.029871227665521697,-0.047141222588677964,-0.030474015757051685,-0.029060532674899223,-0.03094439558419171,-0.01252899048604179,-0.0482748742753161
2026-07,0.03741339052867054,0.04342428942603606,0.040046566460290665,0.022585241396503256,0.0058964735242869335,0.023566006800408917,0.04045416624700047,0.008456129976892024,0.0285455221513201,0.019831493714473288
2026-08,-0.03703838970401461,-0.03573348339538533,-0.029332742910885605,-0.041073164742373415,-0.028692466987920648,-0.01767675625552489,-0.041865365224359075,-0.0275834278818423,-0.03116997068625132,-0.049071839793083154
2026-09,0.009658504795520282,0.03159131777474276,0.024269791785704865,0.03604937113614422,0.029241430337394365,0.03283683702244293,0.024184045496008492,0.0379015701668208,0.00434154507512791,0.04574275538524112
