,ew
2011-08,-0.05054056347263005
2011-09,0.009699791467918896
2011-10,0.03958964702179747
2011-11,0.008708988889627154
2011-12,0.12441095841996155
2012-01,-0.007833167258812637
2012-02,0.04544377902960086
2012-03,-0.012687883482493733
2012-04,-0.02743190565723479
2012-05,-0.06669051809725733
2012-06,-0.01198499409851129
2012-07,0.04888520069931814
2012-08,0.02426801482032075
2012-09,-0.006340329680970701
2012-10,0.009105672162961343
2012-11,0.026066145468469717
2012-12,0.015948557169623612
2013-01,-0.020085050021179374
2013-02,-0.0023650356191373166
2013-03,-0.008648592387473947
2013-04,-0.012328461418515239
2013-05,-0.042059215267945815
2013-06,0.011243341819179952
2013-07,-0.02175766449623993
2013-08,-0.004858145266715793
2013-09,-0.09880659888804755
2013-10,-0.03766743556501422
2013-11,-0.07891707655566305
2013-12,0.05529697846320083
2014-01,-0.0011755653687114055
2014-02,0.030960075677194627
2014-03,0.0363754600786237
2014-04,-0.018457765484044528
2014-05,-0.0062688391375968384
2014-06,-0.028554137545802865
2014-07,-0.023360533975954917
2014-08,0.033875931033877975
2014-09,-0.026718542135321134
2014-10,0.002167882653867066
2014-11,0.009388767797570035
2014-12,-0.03819966522198042
2015-01,0.027078861283297354
2015-02,-0.02272482829805779
2015-03,-0.027623641331413755
2015-04,0.016899039510619756
2015-05,0.002704995393423898
2015-06,0.04117722695365997
2015-07,-0.005883373903258793
2015-08,0.013383911758912705
2015-09,0.03395997263318782
2015-10,0.06146003452010927
2015-11,-0.03766030829963998
2015-12,-0.021863026364799167
2016-01,0.020977141048551255
2016-02,0.08652284703908297
2016-03,0.04088908634567592
2016-04,0.07127303656554702
2016-05,-0.02201597780809778
2016-06,-0.019887344587430023
2016-07,-0.02516987665491053
2016-08,-0.0109152922321576
2016-09,0.026452824679521907
2016-10,-0.02363243646391705
2016-11,-0.005708071422185967
2016-12,0.1480189107312145
2017-01,-0.017704200422803462
2017-02,0.022780105084653796
2017-03,-0.004566725983702436
2017-04,0.028692227933301596
2017-05,-0.024673844877042897
2017-06,0.00882767646886997
2017-07,-0.03411860706142631
2017-08,-0.011691764779862113
2017-09,0.0384507402185202
2017-10,0.07828062161420364
2017-11,0.0008802408114687971
2017-12,0.03664182517210876
2018-01,0.03298736970570718
2018-02,0.010599280970565922
2018-03,0.017519780449174665
2018-04,0.007083929794547143
2018-05,-0.016249475284775473
2018-06,0.06137946295668943
2018-07,-0.01754398950348321
2018-08,0.030861496986346933
2018-09,0.0005306055731223476
2018-10,-0.024169716863375858
2018-11,0.008077703046426077
2018-12,-0.003973923648011261
2019-01,-0.0021267787470673075
2019-02,-0.048557926495512396
2019-03,0.05726840073161181
2019-04,0.011255256932906209
2019-05,0.10376346521471003
2019-06,0.05016328474134135
2019-07,0.05462070975209325
2019-08,-0.010762054440691777
2019-09,0.007475402460240048
2019-10,-0.01769994758072359
2019-11,-0.007823379197239312
2019-12,-0.011742307680947084
2020-01,-0.06246128895119139
2020-02,-0.03073640919767767
2020-03,0.038384742579557755
2020-04,0.021236265394648155
2020-05,0.032751274907832736
2020-06,0.06010770650576865
2020-07,-0.04230847148133405
2020-08,-0.06266565793537532
2020-09,0.05498431123485854
2020-10,-0.036983684661192597
2020-11,0.04148065140859926
2020-12,-0.0057438453986224545
2021-01,-0.03513641133632154
2021-02,-0.057630999784496595
2021-03,0.04951361379609907
2021-04,-0.0004979378693385403
2021-05,0.00020233231754583105
2021-06,0.028179130205879255
2021-07,0.04477782156118583
2021-08,-0.041261729169304526
2021-09,-0.004015805561516243
2021-10,-0.010055920305722795
2021-11,0.002823725785466035
2021-12,-0.03127051484452631
2022-01,-0.024316535433103813
2022-02,-0.004521263320074635
2022-03,0.034645867191256494
2022-04,-0.10604785342607949
2022-05,-0.06873578944654721
2022-06,0.0902613542752706
2022-07,0.011279191295583062
2022-08,-0.019520717689304037
2022-09,0.01584761766167211
2022-10,-0.021378197240947895
2022-11,-0.13478842060681986
2022-12,0.04000363035297098
2023-01,0.026699354583979238
2023-02,-0.0523695049212028
2023-03,0.0017454510137975237
2023-04,0.00805980739547592
2023-05,0.02576471454040905
2023-06,0.010363180992359436
2023-07,-0.011904357800788093
2023-08,-0.020514935690693174
2023-09,0.0169894568063038
2023-10,0.07135923081021218
2023-11,0.059805063313957456
2023-12,-0.004420482937251294
2024-01,-0.012832357349288736
2024-02,0.025446165766012368
2024-03,-0.008074606933284009
2024-04,0.08426457658039456
2024-05,0.009179767957653412
2024-06,-0.05986114265893637
2024-07,0.018981481220157605
2024-08,0.032828843088182694
2024-09,0.052699276261904404
2024-10,-0.00965861769155715
2024-11,0.02077323947317613
2024-12,-0.09299413168243316
2025-01,0.06241794527985466
2025-02,0.050110370467120496
2025-03,0.05056759886620525
2025-04,-0.007873192703047103
2025-05,0.016382015091897673
2025-06,0.025843042837358696
2025-07,0.07161494989102155
2025-08,-0.05177109342540871
2025-09,0.025363242677420777
2025-10,0.018497429762168845
2025-11,0.05951954688647375
2025-12,0.028163831395756997
2026-01,0.015567459635164649
2026-02,0.015524164975525464
2026-03,-0.06540272473562672
2026-04,-0.06820609079443292
2026-05,0.02878355138665548
2026-06,-0.030682040250990507
2026-07,0.02702192802258822
2026-08,-0.03392376075816406
2026-09,0.027581716897514773
