portfolio,kind,period,n,cagr,vol,sharpe,max_dd,calmar,mean_pm,nw_t
same-universe EW,benchmark,full,182,0.049153784144183144,0.14338611147581695,0.4064844043476232,-0.3086394236372856,0.15925957729220258,0.004857018176247446,1.6131215434897261
same-universe EW,benchmark,train,77,0.04884672841523274,0.13980359348933008,0.40934181277543025,-0.28600698816298664,0.1707885836250843,0.00476895469928681,0.9693035112607903
same-universe EW,benchmark,test,105,0.04937901547546253,0.14662378626391273,0.40279396827142694,-0.308639423637286,0.15998933283873967,0.004921598059351912,1.301755875340926
momentum12_top10,long-only top,full,182,0.06879841496846484,0.1528226746545795,0.5124136326575767,-0.34101938047792657,0.2017434166704728,0.006525701822683338,1.9331954151077753
momentum12_top10,long-only top,train,77,0.07260818399833657,0.14837316584609922,0.5458896602753551,-0.34101938047792657,0.21291512493096074,0.006749614758142169,1.259711763581363
momentum12_top10,long-only top,test,105,0.06601318728779315,0.15670966934008715,0.4871300434850366,-0.2830518843636961,0.2332193881563147,0.006361499003346863,1.4632435148964664
momentum12_top10,long-short top-bottom,full,182,0.06982091026186676,0.07128942809541781,0.9844678745848108,-0.11107897818841816,0.6285699724697932,0.005848512646455223,3.5916339653676497
momentum12_top10,long-short top-bottom,train,77,0.09806177156204443,0.07203019261872429,1.3385126129115115,-0.06071172158360083,1.615203275483007,0.008034443444217342,3.0029165189010087
momentum12_top10,long-short top-bottom,test,105,0.04957362719865732,0.07056827237988662,0.7219386137569186,-0.11107897818841828,0.44629171070126167,0.004245496728096333,2.118892802273388
momentum12_top20,long-only top,full,182,0.07297452684421879,0.14629192636176266,0.5555248948936458,-0.28341590222264357,0.25748211822952705,0.00677240058465893,2.2025125998849977
momentum12_top20,long-only top,train,77,0.0732649762030031,0.14144547418428075,0.5696104034413204,-0.28341590222264357,0.2585069349617799,0.0067140678012547516,1.3804164189309207
momentum12_top20,long-only top,test,105,0.07276158060494975,0.15041980941104255,0.5436925882972178,-0.2668462696757714,0.27267227941150496,0.006815177959155327,1.7179732410827513
momentum12_top20,long-short top-bottom,full,182,0.06231535435081326,0.04339653199939291,1.417935365367368,-0.046463590149645184,1.3411652898563011,0.005127789788019656,5.1970463944307435
momentum12_top20,long-short top-bottom,train,77,0.06897395107820747,0.043866109073721966,1.5461477629346556,-0.03639447124813777,1.8951766219638848,0.005651957201081901,3.424278395571533
momentum12_top20,long-short top-bottom,test,105,0.05745875843111592,0.04321101346736441,1.3172753808303561,-0.046463590149645184,1.2366405231722004,0.004743400351774008,4.128579476719455
momentum6_top10,long-only top,full,182,0.06716240208410373,0.15092361464776433,0.506699115908913,-0.36714063741826086,0.18293371868717906,0.0063727385093166385,1.9033966396486082
momentum6_top10,long-only top,train,77,0.05473259050638846,0.1463422889968701,0.4361655476717321,-0.36714063741826086,0.14907799608147154,0.005319122052321228,1.0043607559501717
momentum6_top10,long-only top,test,105,0.07637059805653412,0.15483886630247568,0.5537672096220216,-0.29817848534435076,0.2561237708627358,0.0071453905777799365,1.6832452234156972
momentum6_top10,long-short top-bottom,full,182,0.046003044724909126,0.07388873562733266,0.6463395870305507,-0.1023033844253749,0.4496727550442478,0.003979767905964978,2.59302272425813
momentum6_top10,long-short top-bottom,train,77,0.024559793478014624,0.07338283455604154,0.36700105531806854,-0.09140942607607327,0.26867900316511484,0.0022442981436915396,1.013807320245521
momentum6_top10,long-short top-bottom,test,105,0.06201279998056286,0.07429740343270173,0.8483385134270232,-0.10230338442537457,0.6061656740769729,0.005252445731632166,2.443156710690464
momentum6_top20,long-only top,full,182,0.06626678841486555,0.14824186347516238,0.5073462456500265,-0.31404530299914435,0.21101028349099715,0.006267496073523953,1.9772541386765679
momentum6_top20,long-only top,train,77,0.06105917182768428,0.14672598466044054,0.4759206142402548,-0.31404530299914435,0.19442790974603635,0.005819160062050256,1.13429573060101
momentum6_top20,long-only top,test,105,0.07010194413011916,0.1500353685260517,0.5275776675918363,-0.2647831009797591,0.2647523345361757,0.00659627581527133,1.6641955504032475
momentum6_top20,long-short top-bottom,full,182,0.0348505126978782,0.04642950624021822,0.7619033266544799,-0.06174925850238533,0.5643875496340082,0.0029478996049456,3.0586753707918475
momentum6_top20,long-short top-bottom,train,77,0.016348937143334297,0.04436176668320211,0.38763075863561297,-0.06174925850238533,0.2647632949746716,0.0014329987728188079,0.9695045147349125
momentum6_top20,long-short top-bottom,test,105,0.048632046727376865,0.04773127248351008,1.0204195289134523,-0.049403386300637786,0.9843869088534329,0.004058826881838582,3.2992791093872453
reversal_top10,long-only top,full,182,0.033130173077133396,0.14853808352970663,0.29370220535097297,-0.38424028660197407,0.08622253894853092,0.0036354968926068224,1.20706054874515
reversal_top10,long-only top,train,77,0.028842930280748025,0.1426885926127137,0.268753434511243,-0.2897203932001202,0.09955436675396606,0.0031956707775201987,0.6821448780525676
reversal_top10,long-only top,test,105,0.03628550123382279,0.15335455164266995,0.3097164838948841,-0.3842402866019734,0.094434400813911,0.003958036043670347,0.9960806427966331
reversal_top10,long-short top-bottom,full,182,-0.041270965510111446,0.06787541453798183,-0.585924357385471,-0.49103474894611243,-0.08404897127685894,-0.0033141548871199553,-2.2137478116387266
reversal_top10,long-short top-bottom,train,77,-0.06311383134157633,0.07324779105464913,-0.8511778613440689,-0.3224596068798665,-0.19572631732783083,-0.005195574844839456,-2.084287015984823
reversal_top10,long-short top-bottom,test,105,-0.024929872054595292,0.06358312309447764,-0.36508686405691837,-0.38713145437857355,-0.06439640017009964,-0.0019344469181256554,-0.9633017983670593
reversal_top20,long-only top,full,182,0.03834486020341199,0.14360503408572123,0.33392574021440186,-0.34870560340074563,0.10996341850963785,0.003996118108799073,1.312123737350234
reversal_top20,long-only top,train,77,0.03587647161261076,0.13920361486936655,0.32135400558403543,-0.30251456453996795,0.1185941961742169,0.0037278032691706944,0.7665642110997537
reversal_top20,long-only top,test,105,0.04015874933219332,0.1474083490640169,0.34132793843629483,-0.34870560340074597,0.11516519648822889,0.004192882324526552,1.0709267412086483
reversal_top20,long-short top-bottom,full,182,-0.027092542118231755,0.048258396212334485,-0.5444252881046896,-0.36174355865467067,-0.07489433182719078,-0.0021894242717808723,-2.13277098270068
reversal_top20,long-short top-bottom,train,77,-0.041463565240945965,0.05513762491744854,-0.7393609942722805,-0.23178833787463815,-0.1788854677553768,-0.0033972174317314016,-1.9873240065778612
reversal_top20,long-short top-bottom,test,105,-0.016417036630838933,0.042532525673265875,-0.36782465198485226,-0.2503955362932503,-0.0655644141020635,-0.0013037092878171513,-1.006451335596008
low_vol12_top10,long-only top,full,182,0.0450224277362441,0.12853315819524463,0.40723679525906864,-0.26623809800617637,0.16910587956198378,0.0043619526189965264,1.668707456158789
low_vol12_top10,long-only top,train,77,0.030197305382558826,0.12731015264278348,0.2960418657989762,-0.25223407803494835,0.11971937185416648,0.0031407612602935065,0.720306470711737
low_vol12_top10,long-only top,test,105,0.05602960210309882,0.12994351183718125,0.48551801080762175,-0.2662380980061766,0.2104492276751427,0.005257492948712075,1.6126851011227328
low_vol12_top10,long-short top-bottom,full,182,-0.0007070232791381859,0.07068668176367948,0.025259417090342018,-0.2171130891521219,-0.0032564746874510393,0.00014879203145008775,0.09995296667507965
low_vol12_top10,long-short top-bottom,train,77,-0.011558720845074255,0.07432802668991546,-0.11956605163330006,-0.16452443916754145,-0.07025534263212758,-0.0007405923897506448,-0.29753733403564764
low_vol12_top10,long-short top-bottom,test,105,0.00732653243745518,0.06816588703777891,0.14101022816060896,-0.2171130891521219,0.03374523602453922,0.0008010072736639583,0.4490657897119825
low_vol12_top20,long-only top,full,182,0.03752257486334276,0.1315699694109326,0.3458569437182713,-0.30658655344441565,0.1223881949217503,0.003792032292130966,1.3762363224860716
low_vol12_top20,long-only top,train,77,0.037643545925788224,0.1295725803327277,0.34855315949031646,-0.25975133250080473,0.14492147379329268,0.003763577688190423,0.835723309114176
low_vol12_top20,long-only top,test,105,0.037433871714283695,0.1336348181830466,0.34238672706970474,-0.3065865534444153,0.12209886993974288,0.0038128990016873658,1.097809011943499
low_vol12_top20,long-short top-bottom,full,182,-0.01524145440099478,0.04808836617275761,-0.2952019608132835,-0.31369214397812484,-0.048587300299294825,-0.0011829816655421015,-1.1882770116768524
low_vol12_top20,long-short top-bottom,train,77,-0.00014772509816507462,0.048861486342874134,0.021075115347658314,-0.0946453723558075,-0.0015608274814506566,8.58134550611753e-05,0.05342940055223822
low_vol12_top20,long-short top-bottom,test,105,-0.026165179885546563,0.04748853445752564,-0.5340484253203773,-0.2628936064737969,-0.09952763871476843,-0.002113431420651171,-1.7506656447566744
low_vol6_top10,long-only top,full,182,0.0517641457660305,0.1271076087674291,0.46109205008210796,-0.23736349370024457,0.2180796421517163,0.004884025658967367,1.916034954686163
low_vol6_top10,long-only top,train,77,0.05162940377972669,0.12651914037597406,0.4602951296437164,-0.23627058927025868,0.21851811492572304,0.0048530120101475446,1.1221266789982878
low_vol6_top10,long-only top,test,105,0.05186296752813657,0.12814346309389815,0.4594945898572847,-0.23736349370024468,0.218495973073399,0.004906769001435236,1.5637516117056924
low_vol6_top10,long-short top-bottom,full,182,0.0056341484248225715,0.06902445029294406,0.11568099931537808,-0.2200092743001656,0.025608686009916677,0.0006654014489235341,0.44845063652176076
low_vol6_top10,long-short top-bottom,train,77,0.009880443657591664,0.07653371159813538,0.16620081042580268,-0.16203399340302338,0.06097759766382025,0.001059997074375396,0.43920063788909014
low_vol6_top10,long-short top-bottom,test,105,0.0025315504320144733,0.06331691994410783,0.07126650960105559,-0.2200092743001656,0.011506562348642627,0.0003760313235921691,0.2018150277615229
low_vol6_top20,long-only top,full,182,0.044128080030061856,0.13179889676337064,0.3936919934016795,-0.29397468111038283,0.15010843744564675,0.004324014199576129,1.5905136572998833
low_vol6_top20,long-only top,train,77,0.045471989068375906,0.1293750128688472,0.4071472777019491,-0.2578485981771246,0.1763515077834153,0.0043895570243504805,0.9781627946129523
low_vol6_top20,long-only top,test,105,0.043143644806517,0.13416604889153563,0.3824469302094536,-0.2939746811103827,0.14675972993169864,0.004275949461408272,1.2622032569530972
low_vol6_top20,long-short top-bottom,full,182,-0.0008085607384040738,0.04907286525548853,0.007919358612920696,-0.20186398126709604,-0.004005473058287837,3.238546817681249e-05,0.03048496098094085
low_vol6_top20,long-short top-bottom,train,77,0.016345764641411797,0.04924910800939744,0.35373209510195447,-0.06912515258430485,0.2364662359548002,0.0014517491798388836,0.8837876682027356
low_vol6_top20,long-short top-bottom,test,105,-0.013204104196684385,0.048863211697754774,-0.24766638589703144,-0.19849858701172562,-0.06651989011843393,-0.0010084812537087063,-0.7508399401093341
high_52w_top10,long-only top,full,182,0.08369434574791512,0.14564691684184505,0.6259455074768249,-0.267233197746952,0.3131884303804456,0.007597252772916967,2.589110761314923
high_52w_top10,long-only top,train,77,0.09244936006572213,0.149526278049435,0.6660085424819523,-0.267233197746952,0.3459501321136909,0.008298814875537944,1.6272377759112706
high_52w_top10,long-only top,test,105,0.07731862668374001,0.14343160150897505,0.5925701580249083,-0.19404546828228375,0.3984562348617299,0.007082773897661585,2.0465383885302457
high_52w_top10,long-short top-bottom,full,182,0.07532865970656277,0.06887184326183006,1.0915826706290468,-0.09883509979431282,0.762165059410375,0.006264942549907797,4.0896404929765975
high_52w_top10,long-short top-bottom,train,77,0.06846977278157973,0.06709825145831855,1.0224329575119158,-0.09883509979431282,0.692767781123034,0.005716955306867237,2.231478046059747
high_52w_top10,long-short top-bottom,test,105,0.0803864774596652,0.0704311313082426,1.1358840451890893,-0.0601156802619045,1.3371965036317883,0.006666799861470877,3.6149801026867396
high_52w_top20,long-only top,full,182,0.0780961062390555,0.1444917019036758,0.5935992697571233,-0.28971849615021117,0.2695585793685909,0.007147514061332159,2.360970702322291
high_52w_top20,long-only top,train,77,0.08115153725076496,0.14434510493650624,0.61212772342051,-0.28971849615021117,0.2801047856077856,0.007363136705973182,1.469764910248993
high_52w_top20,long-only top,test,105,0.07586094618266515,0.14528877165903814,0.5772826661373135,-0.21513148527786297,0.3526259584211184,0.006989390788595407,1.8720941060776517
high_52w_top20,long-short top-bottom,full,182,0.05935247368896901,0.047786808251381555,1.2330706534031293,-0.05886390104389794,1.0083000385024894,0.0049103759062150915,4.577264136755462
high_52w_top20,long-short top-bottom,train,77,0.07253248283531422,0.048398293623073435,1.4746865554207174,-0.05886390104389794,1.2322065229965458,0.0059476927426042195,3.4800270996534106
high_52w_top20,long-short top-bottom,test,105,0.049790184236657486,0.04739182382589764,1.0507323562243924,-0.04854070082133166,1.0257409430474627,0.004149676892863061,3.0445725270049437
