hypothesis,variant,capital,capital_inr,k,net_cagr,cost_drag_pp
H1,momentum12_top10,Rs 10 lakh,1000000.0,0.0,0.04343269007376982,0.02536572489469502
H1,momentum12_top10,Rs 10 lakh,1000000.0,0.7,0.04197177229462978,0.026826642673835055
H1,momentum12_top10,Rs 10 lakh,1000000.0,1.5,0.04032259527460824,0.028475819693856597
H1,momentum12_top10,Rs 1 crore,10000000.0,0.0,0.04565089513939191,0.023147519829072927
H1,momentum12_top10,Rs 1 crore,10000000.0,0.7,0.04109554757301859,0.02770286739544625
H1,momentum12_top10,Rs 1 crore,10000000.0,1.5,0.03608731341683025,0.03271110155163459
H1,momentum12_top10,Rs 10 crore,100000000.0,0.0,0.045869090528812606,0.022929324439652232
H1,momentum12_top10,Rs 10 crore,100000000.0,0.7,0.03200710823912645,0.03679130672933839
H1,momentum12_top10,Rs 10 crore,100000000.0,1.5,0.01788160390825766,0.05091681106020718
H1,momentum12_top10,Rs 100 crore,1000000000.0,0.0,0.045890874638818246,0.022907540329646592
H1,momentum12_top10,Rs 100 crore,1000000000.0,0.7,0.006567237791600844,0.062231177176863994
H1,momentum12_top10,Rs 100 crore,1000000000.0,1.5,-0.026612912423765178,0.09541132739223002
H4,low_vol12_top10,Rs 10 lakh,1000000.0,0.0,0.03919917794326233,0.005823249792981766
H4,low_vol12_top10,Rs 10 lakh,1000000.0,0.7,0.03891589128903461,0.006106536447209487
H4,low_vol12_top10,Rs 10 lakh,1000000.0,1.5,0.038592924917809635,0.006429502818434463
H4,low_vol12_top10,Rs 1 crore,10000000.0,0.0,0.039922543401652355,0.005099884334591742
H4,low_vol12_top10,Rs 1 crore,10000000.0,0.7,0.03902960016296353,0.005992827573280568
H4,low_vol12_top10,Rs 1 crore,10000000.0,1.5,0.03801695446328157,0.007005473272962526
H4,low_vol12_top10,Rs 10 crore,100000000.0,0.0,0.039994489353322615,0.005027938382921482
H4,low_vol12_top10,Rs 10 crore,100000000.0,0.7,0.03719282190149675,0.007829605834747344
H4,low_vol12_top10,Rs 10 crore,100000000.0,1.5,0.03406722314033539,0.010955204595908707
H4,low_vol12_top10,Rs 100 crore,1000000000.0,0.0,0.04000168007189098,0.00502074766435312
H4,low_vol12_top10,Rs 100 crore,1000000000.0,0.7,0.031352205146440104,0.013670222589803993
H4,low_vol12_top10,Rs 100 crore,1000000000.0,1.5,0.02216349326421052,0.022858934472033576
H5,reversal_top10,Rs 10 lakh,1000000.0,0.0,-0.04455601218369909,0.07768618526083249
H5,reversal_top10,Rs 10 lakh,1000000.0,0.7,-0.047955331484982766,0.08108550456211616
H5,reversal_top10,Rs 10 lakh,1000000.0,1.5,-0.05174457328530113,0.08487474636243453
H5,reversal_top10,Rs 1 crore,10000000.0,0.0,-0.03384833837155721,0.0669785114486906
H5,reversal_top10,Rs 1 crore,10000000.0,0.7,-0.043718936033233735,0.07684910911036713
H5,reversal_top10,Rs 1 crore,10000000.0,1.5,-0.05405426694092952,0.08718444001806291
H5,reversal_top10,Rs 10 crore,100000000.0,0.0,-0.0328647993474972,0.0659949724246306
H5,reversal_top10,Rs 10 crore,100000000.0,0.7,-0.0613928190144476,0.09452299209158099
H5,reversal_top10,Rs 10 crore,100000000.0,1.5,-0.08696947703533553,0.12009965011246893
H5,reversal_top10,Rs 100 crore,1000000000.0,0.0,-0.03276722055014869,0.06589739362728209
H5,reversal_top10,Rs 100 crore,1000000000.0,0.7,-0.10542953991624848,0.13855971299338188
H5,reversal_top10,Rs 100 crore,1000000000.0,1.5,-0.15306838033303205,0.18619855341016545
