portfolio,period,first_month,n,cagr,vol,sharpe,max_dd,calmar,mean_pm,nw_t
EW,full,2007-02,236,0.08335883371771446,0.14348745271170424,0.6308478842860302,-0.308639423637286,0.27008485414902156,0.00754322966373087,2.9397538383700503
EW,train,2007-02,131,0.11138727892850353,0.14106419295729278,0.820438176638034,-0.28600698816298653,0.389456494206454,0.00964453743823309,2.8214840010539177
EW,test,2018-01,105,0.04937901547546253,0.14662378626391273,0.40279396827142694,-0.308639423637286,0.15998933283873967,0.004921598059351912,1.301755875340926
momentum12_top10,full,2007-02,236,0.10387446541740775,0.15264561790007658,0.725509445243978,-0.34101938047792646,0.30459988893250406,0.009228819796800734,3.2268563320514927
momentum12_top10,train,2007-02,131,0.13518989422646643,0.14943418735515943,0.9256559740107009,-0.34101938047792646,0.39642877198651477,0.011527054020561471,3.091509505394944
momentum12_top10,test,2018-01,105,0.06601318728779315,0.15670966934008715,0.4871300434850366,-0.2830518843636961,0.2332193881563147,0.006361499003346863,1.4632435148964664
low_vol12_top10,full,2007-02,236,0.07189593027734631,0.12801842908510663,0.6074214804713187,-0.26623809800617637,0.27004373459608483,0.006480095310207334,2.897540129206527
low_vol12_top10,train,2007-02,131,0.08478515566440548,0.12685190937017465,0.7057089298789891,-0.25223407803494835,0.336136799297429,0.007460043767894373,2.4565372640253065
low_vol12_top10,test,2018-01,105,0.05602960210309882,0.12994351183718125,0.48551801080762175,-0.2662380980061766,0.2104492276751427,0.005257492948712075,1.6126851011227328
reversal_top10,full,2007-02,236,0.06889332582624896,0.1491757471394698,0.5217706279488542,-0.3842402866019736,0.17929750790971613,0.006486293604975053,2.5065978324187665
reversal_top10,train,2007-02,131,0.09576862697240762,0.14595067548524407,0.6999153291418023,-0.28972039320012044,0.33055535343781184,0.008512759589226915,2.55102795520941
reversal_top10,test,2018-01,105,0.03628550123382279,0.15335455164266995,0.3097164838948841,-0.3842402866019734,0.094434400813911,0.003958036043670347,0.9960806427966331
