portfolio,period,gross_cagr,net_cagr,net_after_tax_cagr,net_cagr_brokerage_0.3pct,avg_monthly_turnover,cost_drag_pp,net_max_dd,after_tax_cagr_liquidated
same-universe EW,full,0.049153784144183144,0.04378093689815499,0.04317749027400075,0.0408381534966058,0.0321745705855065,0.005372847246028156,-0.31368487165673953,
same-universe EW,train,0.04884672841523274,0.04216073783971552,0.04134279197057045,0.03884107446598484,0.036744704768758414,0.00668599057551722,-0.3028406014973619,
same-universe EW,test,0.04937901547546253,0.04497068352137057,0.04452498979442665,0.04230511773092083,0.028823138851121748,0.00440833195409196,-0.31368487165673953,
H1 momentum12_top10,full,0.06879841496846484,0.04197177229462978,0.03828495634057694,0.016215845671822215,0.29000200962768824,0.026826642673835055,-0.3738927664649627,0.03828495634057694
H1 momentum12_top10,train,0.07260818399833657,0.045011236038724256,0.04469534400253017,0.019407019588796315,0.28852390853946713,0.027596947959612317,-0.3738927664649627,
H1 momentum12_top10,test,0.06601318728779315,0.03974845224861001,0.03360901861542831,0.013882002256688786,0.29108595042571717,0.02626473503918314,-0.33071209933419043,
H4 low_vol12_top10,full,0.0450224277362441,0.03891589128903461,0.03631733113474245,0.030829108113189507,0.09145820799017758,0.006106536447209487,-0.2732595679660905,0.03631733113474245
H4 low_vol12_top10,train,0.030197305382558826,0.024263554644753382,0.023882242311034307,0.016239797471653272,0.09217671992534775,0.005933750737805443,-0.2685181641987707,
H4 low_vol12_top10,test,0.05602960210309882,0.049793985280366604,0.045532277588410164,0.04166088177508587,0.09093129923771948,0.006235616822732215,-0.27325956796609063,
H5 reversal_top10,full,0.033130173077133396,-0.047955331484982766,-0.048484082857862654,-0.12944875444692294,0.8790201128687551,0.08108550456211616,-0.6236699322583941,-0.048484082857862654
H5 reversal_top10,train,0.028842930280748025,-0.0498995065708685,-0.05101629768453464,-0.12115271500925762,0.8734833675116007,0.07874243685161653,-0.4535657511150666,
H5 reversal_top10,test,0.03628550123382279,-0.046527075096220116,-0.046622832001599,-0.13548270319984368,0.8830803927973347,0.08281257633004291,-0.5606217871313007,
