view,fraction,rule,mean,std
survivors,,equal_weight,2.7804814134458455,
survivors,,low_vol,0.48339998500599446,
survivors,,momentum,2.2352301608789205,
today's top 500 backwards,,equal_weight,2.964009653190147,
today's top 500 backwards,,low_vol,0.7403192738787201,
today's top 500 backwards,,momentum,2.2552004720333363,
vendor,0.0,equal_weight,0.0,
vendor,0.0,low_vol,0.0,
vendor,0.0,momentum,0.0,
vendor,0.2,equal_weight,0.7124210318763691,0.05781625162412027
vendor,0.2,low_vol,0.23343716924765,0.20556470375613134
vendor,0.2,momentum,0.454175206980838,0.5036789428066627
vendor,0.4,equal_weight,1.2182976342859586,0.1745486704406045
vendor,0.4,low_vol,0.3746477067515963,0.10455721656107743
vendor,0.4,momentum,0.7287545946694918,0.2818750319276685
vendor,0.6,equal_weight,1.9372542788962435,0.1642111351478746
vendor,0.6,low_vol,0.7251311281917827,0.193128348724154
vendor,0.6,momentum,1.5319823528382548,0.5411256511103799
vendor,0.8,equal_weight,2.7041732171095045,0.14547101987911143
vendor,0.8,low_vol,1.0363672846541938,0.14239358863893203
vendor,0.8,momentum,1.965738809540989,0.3557316680774838
vendor,1.0,equal_weight,3.58445267381704,
vendor,1.0,low_vol,1.540674555615662,
vendor,1.0,momentum,2.6196744922469595,
