view,fraction,draw,rule,bias_pp
survivors,,0,equal_weight,2.7804814134458455
survivors,,0,momentum,2.2352301608789205
survivors,,0,low_vol,0.48339998500599446
today's top 500 backwards,,0,equal_weight,2.964009653190147
today's top 500 backwards,,0,momentum,2.2552004720333363
today's top 500 backwards,,0,low_vol,0.7403192738787201
vendor,0.0,0,equal_weight,0.0
vendor,0.0,0,momentum,0.0
vendor,0.0,0,low_vol,0.0
vendor,0.2,0,equal_weight,0.7404981068217298
vendor,0.2,0,momentum,0.20030027402937467
vendor,0.2,0,low_vol,0.24020545352483325
vendor,0.2,1,equal_weight,0.7823680997654625
vendor,0.2,1,momentum,0.9652144620182268
vendor,0.2,1,low_vol,0.22954348034904815
vendor,0.2,2,equal_weight,0.6804518471797305
vendor,0.2,2,momentum,1.0139000233955198
vendor,0.2,2,low_vol,0.21565583053417825
vendor,0.2,3,equal_weight,0.6320316279826432
vendor,0.2,3,momentum,-0.09954583236440051
vendor,0.2,3,low_vol,0.5311827538068803
vendor,0.2,4,equal_weight,0.7267554776322793
vendor,0.2,4,momentum,0.19100710782546937
vendor,0.2,4,low_vol,-0.049401671976689876
vendor,0.4,0,equal_weight,1.0888508473384073
vendor,0.4,0,momentum,0.39244562918510084
vendor,0.4,0,low_vol,0.4652280327278824
vendor,0.4,1,equal_weight,1.224355544347966
vendor,0.4,1,momentum,0.9781183135063376
vendor,0.4,1,low_vol,0.5069828165456869
vendor,0.4,2,equal_weight,1.5081357588109023
vendor,0.4,2,momentum,0.9697896465176603
vendor,0.4,2,low_vol,0.324828086765927
vendor,0.4,3,equal_weight,1.1951436773385726
vendor,0.4,3,momentum,0.8421807131022252
vendor,0.4,3,low_vol,0.2715409017762127
vendor,0.4,4,equal_weight,1.0750023435939449
vendor,0.4,4,momentum,0.4612386710361349
vendor,0.4,4,low_vol,0.3046586959422726
vendor,0.6,0,equal_weight,2.0463089459780592
vendor,0.6,0,momentum,1.2391910729104172
vendor,0.6,0,low_vol,0.5718194179591407
vendor,0.6,1,equal_weight,1.7393756160141383
vendor,0.6,1,momentum,2.2898030598187846
vendor,0.6,1,low_vol,0.8343147212573454
vendor,0.6,2,equal_weight,2.0291251853387315
vendor,0.6,2,momentum,1.060711700922523
vendor,0.6,2,low_vol,0.9453585093094352
vendor,0.6,3,equal_weight,1.7802197360169192
vendor,0.6,3,momentum,1.154883673395135
vendor,0.6,3,low_vol,0.7948204008320081
vendor,0.6,4,equal_weight,2.091241911133368
vendor,0.6,4,momentum,1.915322257144414
vendor,0.6,4,low_vol,0.47934259160098414
vendor,0.8,0,equal_weight,2.7704525060622487
vendor,0.8,0,momentum,1.9734666302032355
vendor,0.8,0,low_vol,1.1862341404788257
vendor,0.8,1,equal_weight,2.8348724340553577
vendor,0.8,1,momentum,2.500789253970792
vendor,0.8,1,low_vol,0.9668604740689979
vendor,0.8,2,equal_weight,2.8129572066121433
vendor,0.8,2,momentum,1.8185273559356396
vendor,0.8,2,low_vol,0.9150267447816551
vendor,0.8,3,equal_weight,2.503371551655964
vendor,0.8,3,momentum,1.5230741895849498
vendor,0.8,3,low_vol,0.9185657425133442
vendor,0.8,4,equal_weight,2.599212387161809
vendor,0.8,4,momentum,2.0128366180103274
vendor,0.8,4,low_vol,1.1951493214281461
vendor,1.0,0,equal_weight,3.58445267381704
vendor,1.0,0,momentum,2.6196744922469595
vendor,1.0,0,low_vol,1.540674555615662
