date,symbol,sec,isin,ca_factor,ca_source
2021-10-28,IRCTC,IRCTC|20191014,INE335Y01012,5.0,record
2023-07-20,RELIANCE,RELIANCE|20060102,INE002A01018,1.1014922480620155,record_scheme_neutral
2006-01-18,RELIANCE,RELIANCE|20060102,,1.6666666666666667,detector
2025-05-23,BSE,BSE|20170203,INE118H01025,3.0,record
2024-08-23,CDSL,CDSL|20170630,INE736A01011,2.0,record
2020-08-24,EICHERMOT,EICHERMOT|20060102,INE066A01013,10.0,record
2025-09-22,ADANIPOWER,ADANIPOWER|20090820,INE814H01029,5.0,record
2025-10-14,TATAMOTORS,TMPV|20060102,INE155A01022,1.651875,record_scheme_neutral
2026-04-30,VEDL,VEDL|20060102,INE205A01025,2.6721934369602764,record_scheme_neutral
2022-08-30,PEL,PEL|20060102,INE140A01024,1.8259798113833468,record_scheme_neutral
2022-09-13,BAJAJFINSV,BAJAJFINSV|20080526,INE918I01018,10.0,record
2024-01-10,COCHINSHIP,COCHINSHIP|20170811,INE704P01025,2.0,record
2024-05-24,BDL,BDL|20180323,INE171Z01018,2.0,record
2025-08-26,HDFCBANK,HDFCBANK|20060102,INE040A01034,2.0,record
2025-09-16,GODFRYPHLP,GODFRYPHLP|20060102,INE260B01028,3.0,record
2021-12-03,IEX,IEX|20171023,INE022Q01020,3.0,record
2024-10-28,RELIANCE,RELIANCE|20060102,INE002A01018,2.0,record
2022-07-28,TATASTEEL,TATASTEEL|20060102,INE081A01012,10.0,record
2017-09-05,RELCAPITAL,RELCAPITAL|20060102,INE013A01015,1.1901162790697675,record_scheme_neutral
2018-09-06,ADANIENT,ADANIENT|20060102,INE423A01024,1.4063333333333332,record_scheme_neutral
2025-10-14,TATAINVEST,TATAINVEST|20060102,INE672A01026,10.0,record
2018-09-04,INFY,INFY|20060102,INE009A01021,2.0,record
2018-11-28,ARVIND,ARVIND|20060102,INE034A01011,2.841936957514847,record_scheme_neutral
2022-11-10,NYKAA,NYKAA|20211110,INE388Y01029,6.0,record
2024-06-21,BPCL,BPCL|20060102,INE029A01011,2.0,record
2018-05-31,TCS,TCS|20060102,INE467B01029,2.0,record
2022-01-14,MOTHERSUMI,MOTHERSON|20060102,INE775A01035,1.2044113875352656,record_scheme_neutral
2025-04-07,SIEMENS,SIEMENS|20060102,INE003A01024,2.0114897959183673,record_scheme_neutral
2026-01-02,MCX,MCX|20120309,INE745G01043,5.0,record
2026-03-09,CUPID,CUPID|20160916,INE509F01029,5.0,record
2017-03-09,GAIL,GAIL|20060102,INE129A01019,1.3333333333333333,record
2016-07-01,ITC,ITC|20060102,INE154A01025,1.5,record
2024-01-05,NESTLEIND,NESTLEIND|20100108,INE239A01024,10.0,record
2024-05-15,CANBK,CANBK|20060102,INE476A01022,5.0,record
2017-07-19,GRASIM,GRASIM|20060102,INE047A01021,1.222185879164525,record_scheme_neutral
2025-06-16,BAJFINANCE,BAJFINANCE|20060102,INE296A01032,10.0,record
2015-10-01,IDFC,IDFC|20060102,INE043D01016,2.039768618944324,record_scheme_neutral
2024-07-02,OIL,OIL|20090930,INE274J01014,1.5,record
2024-12-27,MAZDOCK,MAZDOCK|20201012,INE249Z01020,2.0,record
2017-09-07,RELIANCE,RELIANCE|20060102,INE002A01018,2.0,record
