,sessions,securities_traded,share_rows_with_isin,first_seen,exits,distressed_exits,median_daily_value_cr,universe_size_dec,universe_500th_liquidity_cr
2006,247,1041,0.0,1041,41,16,0.361921485,0,
2007,249,1218,0.0,218,35,9,0.335431345,500,0.316506065
2008,246,1285,0.0,102,24,10,0.124766295,500,0.06591640374999999
2009,242,1319,0.0,58,24,11,0.15235666,500,0.5268684137499999
2010,251,1464,0.0,169,35,11,0.4759789925,500,0.8916018225
2011,247,1537,0.5321307872187472,108,21,14,0.14263723,500,0.2290959125
2012,247,1566,1.0,50,27,16,0.106044,500,0.3575265675
2013,248,1565,1.0,28,33,26,0.09459590999999999,500,0.1786341
2014,243,1559,1.0,26,29,13,0.2759106375,500,1.2268923425
2015,248,1607,1.0,77,69,38,0.42033852750000006,500,1.03313928
2016,246,1616,1.0,90,31,24,0.51107207,500,1.46934385125
2017,248,1668,1.0,83,47,25,0.9275958449999999,500,2.47517023625
2018,246,1673,1.0,53,42,34,0.622447865,500,1.37353076
2019,244,1709,1.0,79,55,44,0.277368685,500,0.8441736350000002
2020,251,1754,1.0,102,52,47,0.44260404000000003,500,2.6350605275
2021,248,1887,1.0,182,79,70,1.7317682375,500,6.9933484125
2022,248,1952,1.0,145,55,43,1.5078331,500,6.411577792499999
2023,245,2053,1.0,158,73,60,1.978535325,500,13.163859275
2024,249,2167,1.0,196,76,66,3.6905861200000003,500,20.565125480000003
2025,249,2325,1.0,232,83,70,2.4188341185000004,500,15.84536315675
2026,181,2646,1.0,380,38,31,2.3119701425,500,21.36975686
