,bench
2011-08,-0.09284791419620865
2011-09,-0.0002926543751826899
2011-10,0.0460577673692431
2011-11,-0.06343283582089539
2011-12,-0.05776892430278838
2012-01,0.11209302325581381
2012-02,0.04389566936618372
2012-03,-0.027517255194769517
2012-04,-0.007677902621722887
2012-05,-0.06161539913191194
2012-06,0.07591754650578161
2012-07,-0.013457943925234086
2012-08,0.004168245547556217
2012-09,0.07924528301886845
2012-10,-0.010489510489510674
2012-11,0.04416961130742061
2012-12,0.008375634517766503
2013-01,0.02189781021897761
2013-02,-0.04597701149425291
2013-03,-0.020654044750430346
2013-04,0.02829525483304047
2013-05,0.010083746368142112
2013-06,-0.003384094754653228
2013-07,-0.011884550084889969
2013-08,-0.04948453608247383
2013-09,0.039407086044830245
2013-10,0.1043478260869567
2013-11,-0.015480314960629469
2013-12,0.017323288065646134
2014-01,-0.030267295597484038
2014-02,0.027920551276854826
2014-03,0.05735287158698357
2014-04,0.008010979666731834
2014-05,0.07615805830990087
2014-06,0.052038065900214425
2014-07,0.016339869281045655
2014-08,0.03922829581993595
2014-09,-0.001856435643564263
2014-10,0.04773713577185311
2014-11,0.028639053254437982
2014-12,-0.03531983433041831
2015-01,0.06738223017292767
2015-02,0.0013407821229049868
2015-03,-0.049319348359741166
2015-04,-0.027018779342723107
2015-05,0.02107409105165362
2015-06,-0.002894441490933457
2015-07,0.022511848341232352
2015-08,-0.06719582850521462
2015-09,-0.0012794872113393407
2015-10,0.01819697007388298
2015-11,-0.018458118029342725
2015-12,-0.0018668326073429395
2016-01,-0.04738154613466408
2016-02,-0.07022251308900478
2016-03,0.11212782431195935
2016-04,0.0037974683544302265
2016-05,0.04287515762925568
2016-06,0.021765417170495814
2016-07,0.042639053254437384
2016-08,0.018694028580184468
2016-09,-0.018395543175487368
2016-10,1.1350866638535662e-05
2016-11,-0.04653802497162325
2016-12,1.7520707107365754e-16
2017-01,0.04166666666666594
2017-02,0.03691428571428556
2017-03,0.037143172048935844
2017-04,0.0106269925611053
2017-05,0.03470031545741292
2017-06,-0.007113821138211212
2017-07,0.04812691914022432
2017-08,-0.001972617722310073
2017-09,0.005870841487279581
2017-10,0.040856031128404593
2017-11,-0.002813084112149542
2017-12,0.01686988631571045
2018-01,0.046092590715122055
2018-02,-0.044052863436122656
2018-03,-0.032258064516128795
2018-04,0.057238095238094894
2018-05,-0.025313034861724294
2018-06,0.03974121996303072
2018-07,0.051111111111111454
2018-08,0.03594080338266365
2018-09,-0.06857142857142819
2018-10,-0.0479842243645924
2018-11,0.047640966628308044
2018-12,-0.0010984182776800355
2019-01,-0.02392786452606166
2019-02,0.021675454012888378
2019-03,0.0797459421312628
2019-04,0.009795751633986313
2019-05,0.01942572350908928
2019-06,-0.007944444444444006
2019-07,-0.059992479939840145
2019-08,-0.008553191489361373
2019-09,0.045495514828962795
2019-10,0.02959891621166653
2019-11,0.016850079744816192
2019-12,0.011269439194435127
2020-01,-0.01240791004265208
2020-02,-0.041617589320769956
2020-03,-0.24670217124129432
2020-04,0.1331303023711117
2020-05,-0.020925321558840863
2020-06,0.08745098039215655
2020-07,0.06401009736747203
2020-08,0.14285714285714357
2020-09,-0.10661328588374791
2020-10,0.059668049792531534
2020-11,0.17237058501057242
2020-12,0.06666666666666672
2021-01,-0.06062124248497022
2021-02,0.0799333333333335
2021-03,-0.15396012099512327
2021-04,0.14184604159066008
2021-05,0.1438430570643497
2021-06,-0.031005586592178676
2021-07,0.007149034303833814
2021-08,0.07447478390291372
2021-09,0.03090037293553593
2021-10,0.07948320413436681
2021-11,-0.10235541937954819
2021-12,0.01333333333333378
2022-01,0.0042105263157897685
2022-02,-0.030398322851153174
2022-03,0.02670270270270254
2022-04,-0.07207539222912492
2022-05,0.022354609929077673
2022-06,-0.04334313779899016
2022-07,0.08214410024364756
2022-08,0.038383188592258956
2022-09,-0.04697986577181175
2022-10,0.07150595882990234
2022-11,0.04898887765419622
2022-12,-0.031326810930647236
2023-01,-0.019901487636200713
2023-02,-0.025889639067973244
2023-03,-0.002084527593933422
2023-04,0.036607655752258515
2023-05,0.03471032745591969
2023-06,0.03924241686547508
2023-07,0.021316467556804712
2023-08,-0.005183486238532501
2023-09,0.02941854567252284
2023-10,-0.041657334826427805
2023-11,0.046926852068240536
2023-12,0.07589624536809653
2024-01,0.004149549773849352
2024-02,0.010702921608330916
2024-03,0.03994602992885799
2024-04,-0.013210143503046766
2024-05,0.030718355312960948
2024-06,0.03591032083494458
2024-07,0.0187320422403821
2024-08,0.025640086443719907
2024-09,0.03132030998892906
2024-10,-0.05814114550869122
2024-11,-1.979211065872288e-16
2024-12,-0.027648075296886
2025-01,-0.01308276931220991
2025-02,-0.019577793954254637
2025-03,0.02532239155920294
2025-04,0.04428691211220314
2025-05,0.007299270072992686
2025-06,0.043043478260869496
2025-07,-0.023933583437543423
2025-08,-0.014591266593117118
2025-09,-0.0008306547726536683
2025-10,0.05830260970143867
2025-11,0.015335223197513645
2025-12,-0.00366657696447808
2026-01,-0.04321550356190267
2026-02,0.010092099227213202
2026-03,-0.09750218340611357
2026-04,0.05848881319191705
2026-05,-0.016346681294569034
2026-06,0.015651721317570394
2026-07,0.01943702185292265
2026-08,-0.001974865350090143
2026-09,-0.04972117287281895
