portfolio,period,gross_cagr,net_cagr,net_after_tax_cagr,net_cagr_brokerage_0.3pct,net_cagr_spread_floor_10bp,avg_monthly_turnover,cost_drag_pp,net_max_dd,after_tax_cagr_liquidated
same-universe EW,full,0.12513688622973707,0.11682829519877513,0.11372460419968933,0.11172358977939911,0.11601710973813795,0.05207715506331937,0.008308591030961932,-0.5445124848253066,
same-universe EW,train,0.1349520083539153,0.12448009105063429,0.12438106716634834,0.11891769271069097,0.12362964556192968,0.05685050997658847,0.010471917303281009,-0.3076441822092091,
same-universe EW,test,0.11799311860646622,0.11125009071822478,0.10597410875049618,0.106477328514893,0.1104673817461248,0.0485766947935887,0.006743027888241437,-0.5325971684282369,
H1 momentum12_top10,full,0.2668326599092501,0.2391200514959917,0.21884235856099976,0.20993187912841105,0.23395041109691728,0.28264759377048415,0.0277126084132584,-0.45724128770080463,0.21421114940038266
H1 momentum12_top10,train,0.28291555868459217,0.25606538867554085,0.24322301480068087,0.2271170808066676,0.2510237202125385,0.27430587088336156,0.026850170009051322,-0.2881328739564444,
H1 momentum12_top10,test,0.255166817319211,0.22683893787774223,0.20126761888392863,0.1974825487748313,0.22157825403985765,0.28876485722104067,0.02832787944146875,-0.45724128770080474,
H4 low_vol12_top10,full,0.1293973312456944,0.11985755441199797,0.11113100504238638,0.10863955486628663,0.11845155215096193,0.118166747666064,0.009539776833696445,-0.1914394266196161,0.11016396604875744
H4 low_vol12_top10,train,0.1394028208537188,0.12826978545220502,0.12234459496661376,0.11542128218671222,0.12684618553192473,0.1343854079339264,0.01113303540151378,-0.12556990222804387,
H4 low_vol12_top10,test,0.12211585687455195,0.11372847381796314,0.10297897521248967,0.10369250802295538,0.11233525995451599,0.10627306346963158,0.008387383056588815,-0.19143942661961588,
H5 reversal_top10,full,0.05462673368202586,-0.030877595404313896,-0.030877595404313896,-0.11848897655812773,-0.0459925448124372,0.8981507409378665,0.08550432908633976,-0.7780145360375065,-0.030877595404314007
H5 reversal_top10,train,0.004477845506319911,-0.07885484120412334,-0.07885484120412334,-0.14918699852183304,-0.09135464159647089,0.8803488770434555,0.08333268671044325,-0.584952198295654,
H5 reversal_top10,test,0.09298687289518148,0.005886650551037098,0.005886650551037098,-0.09527537872807945,-0.01129401515398365,0.9112054411271013,0.08710022234414438,-0.6732706324408422,
