portfolio,period,gross_cagr,net_cagr,net_after_tax_cagr,net_cagr_cash0,net_sharpe,net_max_dd,avg_monthly_turnover,avg_names,avg_cash_weight
S0,full,0.12513688622973707,0.11682829519877491,0.11372460419968933,0.11682829519877513,0.6058295564707039,-0.5445124848253066,0.05207715506331937,500.0,0.0
S0,train,0.1349520083539153,0.12448009105063429,0.12438106716634834,0.12448009105063429,0.6407502557025855,-0.3076441822092091,0.05685050997658847,500.0,0.0
S0,test,0.11799311860646622,0.11125009071822456,0.1059741087504964,0.11125009071822478,0.5786494666029337,-0.5325971684282369,0.048576694793588684,500.0,0.0
S1,full,0.16060617159787194,0.1253367205081768,0.11754663830403667,0.125336720508177,0.6902819081155016,-0.485200181328609,0.2554740100726263,294.31868131868134,2.3790493384824782e-17
S1,train,0.17767079297402577,0.1371409586762533,0.1327595178674419,0.1371409586762533,0.7828546628831285,-0.2263947017244723,0.2498739664967054,294.3636363636364,2.0185873175002847e-17
S1,test,0.1482494723635468,0.11675822934554692,0.10652053131072892,0.11675822934554714,0.630071369094086,-0.4726047761421197,0.2595807086949683,294.2857142857143,2.6433881538694202e-17
S2,full,0.29886991101858085,0.2667583422850577,0.24295287723440562,0.26675834228505724,0.980932615461536,-0.4841466369526354,0.3107768287207413,30.0,0.0
S2,train,0.31418405149555784,0.28919513742769953,0.2739103164569596,0.2891951374276993,1.0782052782942582,-0.3103041818862412,0.29128570221750655,30.0,0.0
S2,test,0.28775307740745304,0.25055325270006024,0.220729924579675,0.2505532527000598,0.9122156051917968,-0.4841466369526354,0.3250703214897801,30.0,0.0
S3,full,0.28641768829436964,0.2535601804410632,0.23190331948621545,0.2535601804410632,0.9686249708891267,-0.4996587743576544,0.31952682138084815,30.0,0.0
S3,train,0.3089100179162132,0.27934986403279694,0.2655652677944216,0.27934986403279694,1.0806872229391031,-0.31756741007250455,0.30571729517264384,30.0,0.0
S3,test,0.27016933816100863,0.23497875398460843,0.20778829371573604,0.23497875398460866,0.8903817177051042,-0.49965877435765427,0.32965380726686466,30.0,0.0
S4,full,0.24791598316932473,0.20762663041319818,0.18176566085323675,0.20762663041319818,1.1366611128552737,-0.2918226149981987,0.4190160625084512,30.0,0.0
S4,train,0.27436988161199705,0.23526277790486572,0.2145970934714041,0.23526277790486594,1.4267054650137034,-0.20470377199484846,0.40973927162840296,30.0,0.0
S4,test,0.2288661155173135,0.18775387006494193,0.15825467225649792,0.18775387006494193,0.9741711260632532,-0.29182261499819895,0.4258190424871532,30.0,0.0
S5,full,0.22255531357460612,0.21264484933649852,0.2051924491007937,0.2126464586962198,0.9934620956310397,-0.3858305597667383,0.13917145661499322,29.576923076923077,0.014102564102564101
S5,train,0.2825495682718111,0.27709517584753995,0.27677155104036544,0.2770984286699907,1.3141807007326756,-0.25915165450435684,0.1296843711473034,29.636363636363637,0.012121212121212118
S5,test,0.1803506602642555,0.1674578919395011,0.15526447537556387,0.16745839693103282,0.7884671383874423,-0.3808718363421645,0.1461286526246324,29.533333333333335,0.015555555555555552
S6,full,0.2173729642919493,0.21239601498630756,0.2040037289059755,0.21239659305112846,1.022432581390661,-0.38798306631373713,0.14239970041843458,29.571428571428573,0.014285714285714282
S6,train,0.2656162310322936,0.2637531733239953,0.2625201173420475,0.2637543371427171,1.2908638124434713,-0.25747688566494786,0.13585945668230237,29.649350649350648,0.011688311688311687
S6,test,0.18316733625061898,0.17606541045336677,0.1628226527801615,0.17606558815954698,0.8465885239045576,-0.37621531814791,0.14719587915826488,29.514285714285716,0.016190476190476182
S7,full,0.22944021115642022,0.22170418673698333,0.21326083425500153,0.22170398823137627,1.0692400567185103,-0.3597852589140208,0.13424434493142334,29.626373626373628,0.01245421245421245
S7,train,0.29856518763527884,0.2928659820477233,0.2914410666458185,0.29286455756414465,1.4315838937846406,-0.22829486674007915,0.12314462883429092,29.766233766233768,0.0077922077922077905
S7,test,0.18109843911775836,0.1720206625184555,0.15895313448101622,0.17202127941503775,0.8367886290763714,-0.3480414015659399,0.14238413673598707,29.523809523809526,0.01587301587301587
S8,full,0.2164879932485404,0.2100457509211726,0.2020766997906598,0.2100458527913438,1.0465826400688651,-0.3540351001814651,0.13778433654111136,29.5989010989011,0.013369963369963366
S8,train,0.27952770215964207,0.2767450702186951,0.27500674424926097,0.2767450702186949,1.3901738180448515,-0.2373408063138145,0.1313139773128507,29.714285714285715,0.009523809523809521
S8,test,0.17224158809929335,0.1633579587952405,0.15125966828787796,0.16335812855733023,0.8226241455555635,-0.3434290477290728,0.14252926664183585,29.514285714285716,0.016190476190476182
S5_n20,full,0.24711320846758156,0.229327214108209,0.22155507196815272,0.2293267685886069,1.0143001105473584,-0.3894913057292989,0.13033624707419914,19.96153846153846,0.001923076923076923
S5_n20,train,0.3011418899129539,0.2866034996903455,0.2866034996903455,0.28660381947843816,1.2990587636914035,-0.249633258452146,0.12294805542937634,19.98701298701299,0.0006493506493506499
S5_n20,test,0.20892337117784154,0.18895164483092786,0.17595261274808194,0.18895068124809167,0.8338064399784423,-0.37002092665629815,0.13575425428040253,19.942857142857143,0.0028571428571428567
S5_n50,full,0.18319612492115223,0.18576307991624552,0.17801197194157314,0.18576307991624552,0.9319460080442328,-0.3734961411688391,0.1571749108264912,47.5989010989011,0.048021978021978017
S5_n50,train,0.23673716488317154,0.2358220333966694,0.23442425294556313,0.2358220333966694,1.2174746336025764,-0.25165286664128883,0.1452059331363964,48.324675324675326,0.0335064935064935
S5_n50,test,0.14541160319935997,0.15034660907489572,0.13828818200596849,0.15034660907489572,0.7520500989263725,-0.3631874980408599,0.1659521611325607,47.06666666666667,0.058666666666666666
ltrev_top10,full,0.06312961229786218,0.04571448421563584,0.04132624496021853,0.04571448421563562,0.3005738157684883,-0.7356560232034877,0.18926260170882997,42.80769230769231,1.2383256813126746e-16
ltrev_top10,train,0.03850076016365511,0.022219146165920467,0.022219146165920467,0.022219146165920467,0.2303463495419229,-0.5119483410466694,0.19216459081111228,43.15584415584416,2.350212376803903e-16
ltrev_top10,test,0.08156121692314722,0.06328692286147453,0.05556472845359961,0.0632869228614743,0.36186855352914704,-0.717410500356852,0.1871344763671563,42.55238095238095,4.229421046191072e-17
ltrev_top20,full,0.09209573258115533,0.07505279924887387,0.06822585147064308,0.07505279924887409,0.4002252471212901,-0.6641190599318,0.1611926567398898,85.08791208791209,8.222970534036874e-16
ltrev_top20,train,0.06802835850246103,0.051573685088206034,0.05149834368496076,0.051573685088206256,0.31393931502998834,-0.45309792327379206,0.15882176335389803,85.8051948051948,8.852947235322677e-16
ltrev_top20,test,0.11008914426035399,0.09260333837344947,0.0806615773992232,0.09260333837344925,0.4768042406128549,-0.6472973121878431,0.16293131188961713,84.56190476190476,7.760987619760618e-16
cheap5y_top10,full,-0.02072468667864258,-0.036945271117535095,-0.04062753677884001,-0.03694527111753532,0.07588146947478928,-0.8335801395634526,0.18412481838400535,44.7967032967033,2.501051868661067e-16
cheap5y_top10,train,-0.051803829367053966,-0.06831678466120994,-0.06831678466120994,-0.06831678466121016,0.0071438847274897105,-0.625580942394179,0.16979328374815872,45.51948051948052,9.372012545537035e-17
cheap5y_top10,test,0.002712248455245536,-0.013270121706597915,-0.019800450072888887,-0.013270121706598026,0.13412523780167998,-0.7809902212507185,0.1946346104502928,44.266666666666666,3.6478756523398e-16
cheap5y_top20,full,0.03050976037195574,0.01394440556797849,0.00457208498142192,0.013944405567978713,0.20412567924190664,-0.704585358748839,0.1667402927336589,89.08791208791209,7.576357124090354e-16
cheap5y_top20,train,0.003058891784372575,-0.015503429011318848,-0.01806908450218192,-0.015503429011318626,0.12533911433981046,-0.5553609488702569,0.15832949111029432,90.58441558441558,7.483191555590341e-16
cheap5y_top20,test,0.051116708287564094,0.036097826671938726,0.02150672949296517,0.036097826671938504,0.2723715774947077,-0.694928877841381,0.17290821392412628,87.99047619047619,7.644678540990364e-16
