model,family,description,net_cagr_full,net_cagr_test,net_max_dd,net_sharpe,gross_cagr_full,gross_cagr_test,net_after_tax_full,turnover,test_net_excess_vs_ew_pp,ci_lo_pp,ci_hi_pp,survives_failure_criterion
EW,Benchmark,Same-universe equal weight,0.11682829519877491,0.11125009071822456,-0.5445124848253066,0.6058295564707039,,,,,,,,
momentum12_top10,Original grid,momentum,0.2391200514959917,0.22683893787774223,-0.45724128770080463,0.9598110038595637,0.2668326599092501,0.255166817319211,0.21884235856099976,0.28264759377048415,11.558884715951766,4.273295719558125,20.644425775933566,True
momentum12_top20,Original grid,momentum,0.20564691463506057,0.200663070950571,-0.40023433786362006,0.9162282334454525,0.22910900844882254,0.22384313481452556,0.19166124589148836,0.2361302198353018,8.941298023234644,3.829866021099478,14.60464214768334,True
momentum6_top10,Original grid,momentum,0.18466766325190687,0.18176462270102167,-0.4400124267041957,0.7906925872195775,0.22506748556897227,0.2222281644570525,0.16276092171345669,0.4060550510995926,7.051453198279689,1.0989451750382664,13.07215864331644,True
momentum6_top20,Original grid,momentum,0.17649156506744346,0.17245202944009286,-0.45737875237607717,0.8018317767927263,0.20959272987729105,0.20385246226502063,0.15733311553562723,0.34631553859942016,6.12019387218683,1.4997467817496664,10.984071686872662,True
reversal_top10,Original grid,reversal,-0.030877595404313896,0.005886650551037098,-0.7780145360375065,0.04499421322342356,0.05462673368202586,0.09298687289518148,-0.030877595404313896,0.8981507409378665,-10.536344016718747,-14.621271547009265,-6.455222669399023,False
reversal_top20,Original grid,reversal,0.006560888428993161,0.03847637988811026,-0.6628564903546981,0.16586770336687648,0.09552269109060618,0.12650530489935052,0.005458753364800506,0.8253544840354199,-7.27737108301143,-10.2725724787956,-4.290532498440438,False
low_vol12_top10,Original grid,low_vol,0.11985755441199797,0.11372847381796314,-0.1914394266196161,0.9336451350487417,0.1293973312456944,0.12211585687455195,0.11113100504238638,0.118166747666064,0.24783830997385792,-11.623128151342806,10.84588927734699,False
low_vol12_top20,Original grid,low_vol,0.12466469561394877,0.10719365276626047,-0.22980344683826415,0.9072872719280275,0.13267158206911733,0.11429187371373395,0.11685035365285645,0.09320623895928383,-0.4056437951964087,-10.075892375636407,8.16231927957517,False
low_vol6_top10,Original grid,low_vol,0.11428916506922437,0.10265487619956892,-0.19921179362982144,0.8984459752825874,0.13064168253198138,0.11811267581687446,0.10269272229406168,0.18498779809151314,-0.8595214518655636,-12.513575749948153,9.441040721450968,False
low_vol6_top20,Original grid,low_vol,0.12498435329002922,0.10631874445362421,-0.28854591903923676,0.8865154839496775,0.1396200355777233,0.12018222990646987,0.11337723894061247,0.15010901416134864,-0.4931346264600345,-9.848129386126692,7.527134724791913,False
high_52w_top10,Original grid,high_52w,0.1640393874134991,0.14447646621592125,-0.34527965357231405,0.9090735535449447,0.22785096705288477,0.20375639661412337,0.14372581296351838,0.635761157031352,3.3226375497696914,-4.870061962485107,10.835254877562354,False
high_52w_top20,Original grid,high_52w,0.1727243614791485,0.15152709225300853,-0.3362335589152732,0.9737673935343906,0.21804043868833212,0.19162198243955664,0.15241167868967587,0.43598872423244317,4.02770015347842,-2.873355583865453,9.838552292270396,False
S1,Team rule,Trend: every stock above EMA200,0.1253367205081768,0.11675822934554692,-0.485200181328609,0.6902819081155016,0.16060617159787194,0.1482494723635468,0.11754663830403667,0.2554740100726263,0.5508138627322356,-2.313217716120057,2.942186263516093,False
S2,Team rule,"Momentum 12-1, top 30",0.2667583422850577,0.25055325270006024,-0.4841466369526354,0.980932615461536,0.29886991101858085,0.28775307740745304,0.24295287723440562,0.3107768287207413,13.930316198183569,4.87854460913807,25.229381204659422,True
S3,Team rule,Momentum top 30 + EMA200 trend filter,0.2535601804410632,0.23497875398460843,-0.4996587743576544,0.9686249708891267,0.28641768829436964,0.27016933816100863,0.23190331948621545,0.31952682138084815,12.372866326638388,3.1403837061405504,23.60647517846297,True
S4,Team rule,Momentum + low volatility top 30 + trend filter,0.20762663041319818,0.18775387006494193,-0.2918226149981987,1.1366611128552737,0.24791598316932473,0.2288661155173135,0.18176566085323675,0.4190160625084512,7.650377934671759,-1.2147598961918025,15.833334537524202,False
S5,Team rule,"Team setup (red month, +volume delta) above EMA200; hold while above",0.21264484933649852,0.1674578919395011,-0.3858305597667383,0.9934620956310397,0.22255531357460612,0.1803506602642555,0.2051924491007937,0.13917145661499322,5.620780122127655,-0.8238283359404152,12.025743169329498,False
S6,Team rule,S5 + no chasing (skip entries > 35% above EMA200),0.21239601498630756,0.17606541045336677,-0.38798306631373713,1.022432581390661,0.2173729642919493,0.18316733625061898,0.2040037289059755,0.14239970041843458,6.481531973514221,0.621648274138989,12.440580718026139,True
S7,Team rule,S5 ranked by momentum / volatility,0.22170418673698333,0.1720206625184555,-0.3597852589140208,1.0692400567185103,0.22944021115642022,0.18109843911775836,0.21326083425500153,0.13424434493142334,6.0770571800231155,-0.6780391481710983,12.352503067761345,False
S8,Team rule,S5 + no chasing + risk-adjusted ranking,0.2100457509211726,0.1633579587952405,-0.3540351001814651,1.0465826400688651,0.2164879932485404,0.17224158809929335,0.2020766997906598,0.13778433654111136,5.210786807701573,-0.574509915055819,10.284482947051547,False
S5_n20,Team rule (stability),S5 with 20 slots,0.229327214108209,0.18895164483092786,-0.3894913057292989,1.0143001105473584,0.24711320846758156,0.20892337117784154,0.22155507196815272,0.13033624707419914,7.77015541127033,0.7986208074680358,15.284750217355644,True
S5_n50,Team rule (stability),S5 with 50 slots,0.18576307991624552,0.15034660907489572,-0.3734961411688391,0.9319460080442328,0.18319612492115223,0.14541160319935997,0.17801197194157314,0.1571749108264912,3.909651835667116,-1.9832372685577415,9.456025907405131,False
ltrev_top10,Value proxy (price-based),"Long-term reversal, decile",0.04571448421563562,0.0632869228614743,-0.7356560232034878,0.300573815768488,0.06312961229786218,0.08156121692314722,0.041326244960218306,0.18926260170882997,-4.7963167856750255,-12.111061445672311,4.393299878579565,False
ltrev_top20,Value proxy (price-based),"Long-term reversal, quintile",0.07505279924887409,0.09260333837344925,-0.6641190599317999,0.4002252471212903,0.09209573258115533,0.11008914426035399,0.06822585147064353,0.1611926567398898,-1.8646752344775086,-7.743486677149527,5.720499330389702,False
cheap5y_top10,Value proxy (price-based),"Cheap vs 5-year mean, decile",-0.03694527111753532,-0.013270121706598026,-0.833580139563453,0.07588146947478869,-0.02072468667864258,0.002712248455245536,-0.040627536778840234,0.1841248183840053,-12.452021242482248,-19.46221124678966,-3.8897172936751665,False
cheap5y_top20,Value proxy (price-based),"Cheap vs 5-year mean, quintile",0.013944405567978713,0.036097826671938504,-0.7045853587488387,0.2041256792419068,0.03050976037195574,0.051116708287564094,0.004572084981421698,0.1667402927336589,-7.515226404628583,-12.548540746242812,-1.3130440725897858,False
