,,cagr_bias,cagr_bias,maxdd_understatement,maxdd_understatement
,,mean,std,mean,std
rule,delete_bankrupt,,,,
equal_weight,0.0,0.0,0.0,0.0,0.0
equal_weight,0.1,0.3201502285274641,0.1274976989567668,0.9814809039747111,0.9697301658090268
equal_weight,0.2,0.6364762283761417,0.21691952768945671,1.9832345861279788,2.0988902884882665
equal_weight,0.3,0.9637406810104452,0.31510480069348856,2.7304898470190584,3.05741411179232
equal_weight,0.4,1.3078010337547887,0.38564204033606225,3.8237188994754527,4.15806909624087
equal_weight,0.5,1.6700853061218868,0.4984812091864352,4.674122985979715,4.886008753419345
equal_weight,0.6,2.091687556900672,0.6247447782379796,5.538236390209289,5.5280232638180875
equal_weight,0.7,2.5214253993621583,0.7261335243442669,6.250026932580901,6.463626379890569
equal_weight,0.8,2.9339954311528906,0.8789634215387019,6.803336349447499,7.044313930295777
equal_weight,0.9,3.423836224661689,1.0536553732131855,7.380920961382946,7.380649447489095
equal_weight,1.0,3.8809088581824978,1.2096209634379718,7.926644005433651,7.8197500357988226
low_vol,0.0,0.0,0.0,0.0,0.0
low_vol,0.1,0.24508670954566658,0.21641816850355658,0.3910392968767616,0.7245584233636855
low_vol,0.2,0.4195363805244508,0.28169920497877626,0.633248875232903,0.8905374915607457
low_vol,0.3,0.6151660833072541,0.4072294385492044,0.8228975927155519,1.3257449041142777
low_vol,0.4,0.7711451109500157,0.47702336580728993,0.8963312318794306,1.2537725077073634
low_vol,0.5,0.8813748622646269,0.5411235084473134,1.1404327986224725,1.392026915574604
low_vol,0.6,1.0351733302793513,0.5812899326656825,1.5287500614486174,1.6906640343321664
low_vol,0.7,1.1624889183302929,0.6453157541356022,2.1472137956411617,2.3091343564411257
low_vol,0.8,1.3077368396741904,0.7333744745854879,2.743352167151074,3.043465699626624
low_vol,0.9,1.5051545629123373,0.8234960937912902,3.378432873615763,3.6233457801220017
low_vol,1.0,1.773892752037669,1.008581212869792,4.161257115726965,4.891645470412297
momentum,0.0,0.0,0.0,0.0,0.0
momentum,0.1,0.15729709187334479,0.055425927403240316,0.2882935418568572,0.7951934328546564
momentum,0.2,0.36555913984137134,0.2244775830096681,0.8866157760679033,1.5193091403373609
momentum,0.3,0.6651318909818831,0.32260109211157395,1.1191822419415132,2.047992317122039
momentum,0.4,0.8346174695146896,0.3919459560873647,1.4950550897319865,2.969987815825168
momentum,0.5,1.1877349184420385,0.5034152773220689,2.036976726823239,3.3630532320775086
momentum,0.6,1.4196790208971743,0.5514642710890171,2.3822649282668045,3.0376158024894933
momentum,0.7,1.660250640507314,0.711421285880718,2.8404126281737967,3.3937707269706454
momentum,0.8,1.89012273499299,0.8165422379264212,3.161467687372235,3.805153583092686
momentum,0.9,2.2053631857152185,0.7773482126205415,3.3674501875176643,3.6158414329305306
momentum,1.0,2.5312602790487264,0.8544753417223785,3.9865923532788337,4.226027536480415
trend,0.0,0.0,0.0,0.0,0.0
trend,0.1,0.2483896492772586,0.1677080463159704,0.990008663213728,1.8320622972217533
trend,0.2,0.4403886784156319,0.2249372614732673,1.4834668770953434,2.3922466739390558
trend,0.3,0.6773896629100468,0.31360026799689306,1.836459640734182,2.7899695587686093
trend,0.4,0.9186092107748955,0.3640066202493537,2.3902095984620315,3.1871302595724544
trend,0.5,1.1946555956896996,0.4774910192566024,2.862586977357163,3.765504792488744
trend,0.6,1.4723321797691562,0.568034212480255,3.333535529373944,4.309199355894743
trend,0.7,1.7666946867392923,0.6583183753316374,3.8731835888388186,4.974755516692759
trend,0.8,2.0373903140118266,0.7979043405743329,4.519944811076778,5.5702437842674195
trend,0.9,2.3862598979473986,0.9090858468668205,4.826440936142551,5.712555702680501
trend,1.0,2.734859341053709,1.0024963080158715,5.2437435940633295,5.991896278852868
