seed,view,delete_bankrupt,rule,cagr_bias,maxdd_understatement,true_cagr
0,survivors,,equal_weight,0.02752157227246399,0.037139807080376896,0.08949215106214603
0,survivors,,momentum,0.012693886150724198,0.018824863016638438,0.12145422252069404
0,survivors,,low_vol,0.0012279736050562207,0.005115848230757836,0.08999946072038933
0,survivors,,trend,0.01885740223119803,0.03243834781299881,0.1001995877830677
0,vendor,0.0,equal_weight,0.0,0.0,0.08949215106214603
0,vendor,0.0,momentum,0.0,0.0,0.12145422252069404
0,vendor,0.0,low_vol,0.0,0.0,0.08999946072038933
0,vendor,0.0,trend,0.0,0.0,0.1001995877830677
0,vendor,0.1,equal_weight,0.002921029782373852,0.007480806260316553,0.08949215106214603
0,vendor,0.1,momentum,0.0024600482726262474,-0.008113060510417935,0.12145422252069404
0,vendor,0.1,low_vol,0.0005908990040937034,-0.0016804620794513836,0.08999946072038933
0,vendor,0.1,trend,0.0017974923148182942,0.0024476638178482224,0.1001995877830677
0,vendor,0.2,equal_weight,0.0050402305417267534,0.010417713308624621,0.08949215106214603
0,vendor,0.2,momentum,0.004230650797034219,-0.005092002421443698,0.12145422252069404
0,vendor,0.2,low_vol,0.0026119000664783787,0.001842936285735175,0.08999946072038933
0,vendor,0.2,trend,0.003451881863595352,0.0032759734564030696,0.1001995877830677
0,vendor,0.3,equal_weight,0.008253333950345887,0.01295457122313648,0.08949215106214603
0,vendor,0.3,momentum,0.007744982702797776,-0.006393381982280899,0.12145422252069404
0,vendor,0.3,low_vol,0.0042703365187171105,0.0016763531625128003,0.08999946072038933
0,vendor,0.3,trend,0.006184945231804129,0.015050712655440557,0.1001995877830677
0,vendor,0.4,equal_weight,0.010799851784332848,0.018243582893923804,0.08949215106214603
0,vendor,0.4,momentum,0.009613116162017876,-0.004134700678221415,0.12145422252069404
0,vendor,0.4,low_vol,0.003302309507884127,0.0007212461454073615,0.08999946072038933
0,vendor,0.4,trend,0.008304046355568806,0.02133390152306891,0.1001995877830677
0,vendor,0.5,equal_weight,0.01373500296117558,0.02660919808644735,0.08949215106214603
0,vendor,0.5,momentum,0.012699737283612178,-0.015117833649564538,0.12145422252069404
0,vendor,0.5,low_vol,0.005130033662658073,0.002883733498726282,0.08999946072038933
0,vendor,0.5,trend,0.009715581116857885,0.026558663992856113,0.1001995877830677
0,vendor,0.6,equal_weight,0.017604688426662962,0.027465178746407415,0.08949215106214603
0,vendor,0.6,momentum,0.01396647634165249,-0.007474159456292817,0.12145422252069404
0,vendor,0.6,low_vol,0.004700490739531382,0.004282242391769442,0.08999946072038933
0,vendor,0.6,trend,0.012911502943516506,0.03040485503699919,0.1001995877830677
0,vendor,0.7,equal_weight,0.021675937696181702,0.030050870087657278,0.08949215106214603
0,vendor,0.7,momentum,0.0173482842946997,-0.007210672453665579,0.12145422252069404
0,vendor,0.7,low_vol,0.004453079024175466,0.01066893771895594,0.08999946072038933
0,vendor,0.7,trend,0.01584253338614805,0.03372933944933321,0.1001995877830677
0,vendor,0.8,equal_weight,0.026882909639162067,0.03635931343205179,0.08949215106214603
0,vendor,0.8,momentum,0.02430191468490439,-0.0017411799202721179,0.12145422252069404
0,vendor,0.8,low_vol,0.005149712045361632,0.017048813293901954,0.08999946072038933
0,vendor,0.8,trend,0.01811419544063253,0.03310514885786009,0.1001995877830677
0,vendor,0.9,equal_weight,0.03170837412359706,0.04241044836312624,0.08949215106214603
0,vendor,0.9,momentum,0.02830762659390862,0.001882012304585956,0.12145422252069404
0,vendor,0.9,low_vol,0.01025437233461779,0.019469661830715856,0.08999946072038933
0,vendor,0.9,trend,0.020682903058893087,0.036104513182686926,0.1001995877830677
0,vendor,1.0,equal_weight,0.034882125841263045,0.04600890054807094,0.08949215106214603
0,vendor,1.0,momentum,0.0280934562657138,0.005800808640630817,0.12145422252069404
0,vendor,1.0,low_vol,0.011130666405158696,0.026983932950250367,0.08999946072038933
0,vendor,1.0,trend,0.023515992102218553,0.03964241539779678,0.1001995877830677
1,survivors,,equal_weight,0.035715791975672095,0.2412548549535216,0.07172763468516741
1,survivors,,momentum,0.023771530721944156,0.12576013962515353,0.10695052794236348
1,survivors,,low_vol,0.012755227155023308,0.1402920274324967,0.053438738632942906
1,survivors,,trend,0.023281164202479276,0.18158410459031082,0.08724839796958395
1,vendor,0.0,equal_weight,0.0,0.0,0.07172763468516741
1,vendor,0.0,momentum,0.0,0.0,0.10695052794236348
1,vendor,0.0,low_vol,0.0,0.0,0.053438738632942906
1,vendor,0.0,trend,0.0,0.0,0.08724839796958395
1,vendor,0.1,equal_weight,0.0044312613350605545,0.02343464562253983,0.07172763468516741
1,vendor,0.1,momentum,0.001670101506900501,0.021608986712960854,0.10695052794236348
1,vendor,0.1,low_vol,0.005128794762450983,0.012583415719842894,0.053438738632942906
1,vendor,0.1,trend,0.003372101673687622,0.02423162467638118,0.08724839796958395
1,vendor,0.2,equal_weight,0.008730819324901162,0.04957717131361572,0.07172763468516741
1,vendor,0.2,momentum,0.0028047631885748103,0.04063525776605137,0.10695052794236348
1,vendor,0.2,low_vol,0.005000870272568569,0.011554119680922348,0.053438738632942906
1,vendor,0.2,trend,0.006523171211942014,0.04278114437918834,0.08724839796958395
1,vendor,0.3,equal_weight,0.011657111445882107,0.06588608874354007,0.07172763468516741
1,vendor,0.3,momentum,0.008102209769326407,0.06415451884582046,0.10695052794236348
1,vendor,0.3,low_vol,0.007656826832620034,0.018643933286842773,0.053438738632942906
1,vendor,0.3,trend,0.00871380286814527,0.05704940164460248,0.08724839796958395
1,vendor,0.4,equal_weight,0.01625431143095457,0.09916534288959389,0.07172763468516741
1,vendor,0.4,momentum,0.012113675361773657,0.09663163754650661,0.10695052794236348
1,vendor,0.4,low_vol,0.008518403860791945,0.02134884056704467,0.053438738632942906
1,vendor,0.4,trend,0.012540955314871205,0.08430963695191251,0.08724839796958395
1,vendor,0.5,equal_weight,0.02092465693130885,0.13016539010493677,0.07172763468516741
1,vendor,0.5,momentum,0.009755764159216529,0.09284068272539636,0.10695052794236348
1,vendor,0.5,low_vol,0.009275487410725924,0.027529945628407604,0.053438738632942906
1,vendor,0.5,trend,0.015169696600733973,0.09960204373050296,0.08724839796958395
1,vendor,0.6,equal_weight,0.025322607862964475,0.16327058621167745,0.07172763468516741
1,vendor,0.6,momentum,0.01307750090902804,0.08977268136747907,0.10695052794236348
1,vendor,0.6,low_vol,0.00861102191116725,0.022346998420701425,0.053438738632942906
1,vendor,0.6,trend,0.0184946152710308,0.12769833930002683,0.08724839796958395
1,vendor,0.7,equal_weight,0.02975351666116577,0.20738950729143646,0.07172763468516741
1,vendor,0.7,momentum,0.014955077970287833,0.092356376797747,0.10695052794236348
1,vendor,0.7,low_vol,0.012286214453811617,0.05737153552569452,0.053438738632942906
1,vendor,0.7,trend,0.021420022446079656,0.15728983372477923,0.08724839796958395
1,vendor,0.8,equal_weight,0.03393612933114776,0.22618145656609456,0.07172763468516741
1,vendor,0.8,momentum,0.017002694233782867,0.1012705344246091,0.10695052794236348
1,vendor,0.8,low_vol,0.01465590268140926,0.07395256691476304,0.053438738632942906
1,vendor,0.8,trend,0.024924855782144206,0.17863369293273823,0.08724839796958395
1,vendor,0.9,equal_weight,0.038877680680084126,0.23452742558214312,0.07172763468516741
1,vendor,0.9,momentum,0.022588690861909955,0.10302774108129054,0.10695052794236348
1,vendor,0.9,low_vol,0.014822031959940807,0.0797849694186441,0.053438738632942906
1,vendor,0.9,trend,0.02767299660538991,0.18556144127006902,0.08724839796958395
1,vendor,1.0,equal_weight,0.04424265180326703,0.24671707698630685,0.07172763468516741
1,vendor,1.0,momentum,0.02611042641528183,0.11132598948394912,0.10695052794236348
1,vendor,1.0,low_vol,0.022683032520699697,0.14092298131109726,0.053438738632942906
1,vendor,1.0,trend,0.03191455049738767,0.19702110059243627,0.08724839796958395
2,survivors,,equal_weight,0.03570683253865048,0.07687873817848057,0.038473940299149856
2,survivors,,momentum,0.021425253372991282,0.010274604125662723,0.06644580788533894
2,survivors,,low_vol,0.007036782166908617,0.0044365716847415415,0.04816050204297717
2,survivors,,trend,0.025223807373218943,0.02139067052547483,0.050476106584925295
2,vendor,0.0,equal_weight,0.0,0.0,0.038473940299149856
2,vendor,0.0,momentum,0.0,0.0,0.06644580788533894
2,vendor,0.0,low_vol,0.0,0.0,0.04816050204297717
2,vendor,0.0,trend,0.0,0.0,0.050476106584925295
2,vendor,0.1,equal_weight,0.004166539483354104,0.010583410863761133,0.038473940299149856
2,vendor,0.1,momentum,0.0010250287449309337,-0.0003950967627923685,0.06644580788533894
2,vendor,0.1,low_vol,0.002427966879394061,0.0013835866836897637,0.04816050204297717
2,vendor,0.1,trend,0.0024374874642536515,0.008223983821765812,0.050476106584925295
2,vendor,0.2,equal_weight,0.007282677125898918,0.024333977256822514,0.038473940299149856
2,vendor,0.2,momentum,0.005448415244233784,-0.0016834484618207801,0.06644580788533894
2,vendor,0.2,low_vol,0.005306883773739335,0.004309290053867154,0.04816050204297717
2,vendor,0.2,trend,0.005110191721724888,0.014220108042856894,0.050476106584925295
2,vendor,0.3,equal_weight,0.01050136591710249,0.03261366910900099,0.038473940299149856
2,vendor,0.3,momentum,0.007635309200740847,-0.007689770961206155,0.06644580788533894
2,vendor,0.3,low_vol,0.008675509495646772,0.000994866508365,0.04816050204297717
2,vendor,0.3,trend,0.007391940800362651,0.01080565567547842,0.050476106584925295
2,vendor,0.4,equal_weight,0.015523235480158215,0.049398388561402884,0.038473940299149856
2,vendor,0.4,momentum,0.01125787828235092,0.001181963180660106,0.06644580788533894
2,vendor,0.4,low_vol,0.010784233992796599,0.0056849410797731315,0.04816050204297717
2,vendor,0.4,trend,0.011562066070952115,0.01514700354094456,0.050476106584925295
2,vendor,0.5,equal_weight,0.019245685284627445,0.0574788738593941,0.038473940299149856
2,vendor,0.5,momentum,0.013305923448691193,0.0024252777844862017,0.06644580788533894
2,vendor,0.5,low_vol,0.012597773957927272,0.002055614589779764,0.04816050204297717
2,vendor,0.5,trend,0.015903602287030916,0.024933650401141816,0.050476106584925295
2,vendor,0.6,equal_weight,0.023627162611480568,0.07105415426834849,0.038473940299149856
2,vendor,0.6,momentum,0.015088290618622047,0.013321901072592235,0.06644580788533894
2,vendor,0.6,low_vol,0.013339562448294373,0.002385366454521032,0.04816050204297717
2,vendor,0.6,trend,0.01825798380937038,0.030566775122312984,0.050476106584925295
2,vendor,0.7,equal_weight,0.029751984495016925,0.07251204987109672,0.038473940299149856
2,vendor,0.7,momentum,0.017894563536030805,0.012229747271794156,0.06644580788533894
2,vendor,0.7,low_vol,0.013613282134860683,0.0035399060838041674,0.04816050204297717
2,vendor,0.7,trend,0.023170979463737362,0.035355106092325506,0.050476106584925295
2,vendor,0.8,equal_weight,0.032914896642153746,0.07216890811551568,0.038473940299149856
2,vendor,0.8,momentum,0.017068756785086903,0.012431616969690085,0.06644580788533894
2,vendor,0.8,low_vol,0.01426873330268763,0.005433110878908076,0.04816050204297717
2,vendor,0.8,trend,0.02483845860640943,0.03661612620383137,0.050476106584925295
2,vendor,0.9,equal_weight,0.03836487956082024,0.07569800434204477,0.038473940299149856
2,vendor,0.9,momentum,0.020968555376977838,0.019760270170253946,0.06644580788533894
2,vendor,0.9,low_vol,0.014678623201896945,0.008216417456391567,0.04816050204297717
2,vendor,0.9,trend,0.030811201302268554,0.035442725764924465,0.050476106584925295
2,vendor,1.0,equal_weight,0.04373443102926511,0.07954136881119556,0.038473940299149856
2,vendor,1.0,momentum,0.02394070763570566,0.019215794498809613,0.06644580788533894
2,vendor,1.0,low_vol,0.015482627420669637,0.007565971890963863,0.04816050204297717
2,vendor,1.0,trend,0.034444390636405364,0.0394403372486688,0.050476106584925295
3,survivors,,equal_weight,0.015804555191954117,0.03896575707074601,0.12017970017984325
3,survivors,,momentum,-0.007438500568158313,0.004943989715870956,0.15805201527986035
3,survivors,,low_vol,0.008249430505122834,0.015552621276949674,0.1157539826349212
3,survivors,,trend,0.006669746469178506,0.029450805667610158,0.12820966251146193
3,vendor,0.0,equal_weight,0.0,0.0,0.12017970017984325
3,vendor,0.0,momentum,0.0,0.0,0.15805201527986035
3,vendor,0.0,low_vol,0.0,0.0,0.1157539826349212
3,vendor,0.0,trend,0.0,0.0,0.12820966251146193
3,vendor,0.1,equal_weight,0.0014374461042347964,0.001193157122821864,0.12017970017984325
3,vendor,0.1,momentum,0.0017684691861743485,-0.00205197569605553,0.15805201527986035
3,vendor,0.1,low_vol,0.0006976486022134409,0.0011922968798452338,0.1157539826349212
3,vendor,0.1,trend,0.0007502929919949164,0.0013155780152122043,0.12820966251146193
3,vendor,0.2,equal_weight,0.003482827056886295,0.003247120660963887,0.12017970017984325
3,vendor,0.2,momentum,0.003602464247378867,-0.008210002395472649,0.15805201527986035
3,vendor,0.2,low_vol,0.0020244361181054327,0.012134077260794407,0.1157539826349212
3,vendor,0.2,trend,0.001798568149702584,-0.000459667383184148,0.12820966251146193
3,vendor,0.3,equal_weight,0.0052418737708752605,0.0056605619078535785,0.12017970017984325
3,vendor,0.3,momentum,0.006517192897813384,0.0013827697130747163,0.15805201527986035
3,vendor,0.3,low_vol,0.002606179615525228,0.010710431100357742,0.1157539826349212
3,vendor,0.3,trend,0.002669287993624536,0.00034609339650149007,0.12820966251146193
3,vendor,0.4,equal_weight,0.009063711412671926,0.009513340155155148,0.12017970017984325
3,vendor,0.4,momentum,0.006950511115398239,0.006345077992425119,0.15805201527986035
3,vendor,0.4,low_vol,0.002887123855021212,0.011187863191889469,0.1157539826349212
3,vendor,0.4,trend,0.004804237489916874,0.0060820648120032406,0.12820966251146193
3,vendor,0.5,equal_weight,0.012073440048003592,0.013680819325178062,0.12017970017984325
3,vendor,0.5,momentum,0.00842791963782652,0.005552732181394626,0.15805201527986035
3,vendor,0.5,low_vol,0.002708057531170205,0.011369516758672482,0.1157539826349212
3,vendor,0.5,trend,0.006961195462444003,0.0052077171245198395,0.12820966251146193
3,vendor,0.6,equal_weight,0.014595046798487,0.017882361352550835,0.12017970017984325
3,vendor,0.6,momentum,0.012480534332612647,0.00948274572170471,0.15805201527986035
3,vendor,0.6,low_vol,0.00742647854675238,0.010434132000167962,0.1157539826349212
3,vendor,0.6,trend,0.008829011927031338,0.007948678028445233,0.12820966251146193
3,vendor,0.7,equal_weight,0.018486153725202792,0.02117622207285319,0.12017970017984325
3,vendor,0.7,momentum,0.015244528770570032,0.012146223160055092,0.15805201527986035
3,vendor,0.7,low_vol,0.007448739209455546,0.011988982380563895,0.1157539826349212
3,vendor,0.7,trend,0.011858753679888423,0.008505234010380058,0.12820966251146193
3,vendor,0.8,equal_weight,0.021191989143864776,0.02414434636859364,0.12017970017984325
3,vendor,0.8,momentum,0.01809109468327974,0.015274706306061092,0.15805201527986035
3,vendor,0.8,low_vol,0.007615725257620998,0.01072498389080867,0.1157539826349212
3,vendor,0.8,trend,0.014296770555006777,0.015063300554403303,0.12820966251146193
3,vendor,0.9,equal_weight,0.024443097170514516,0.02687692714229495,0.12017970017984325
3,vendor,0.9,momentum,0.018701152255682585,0.01570549659754783,0.15805201527986035
3,vendor,0.9,low_vol,0.008493810761526221,0.012137170948518627,0.1157539826349212
3,vendor,0.9,trend,0.01739069574283092,0.016799962369104637,0.12820966251146193
3,vendor,1.0,equal_weight,0.027212470294361912,0.03115184412532601,0.12017970017984325
3,vendor,1.0,momentum,0.019388527246008813,0.015932210602577768,0.15805201527986035
3,vendor,1.0,low_vol,0.009203881116844892,0.013302899835972548,0.1157539826349212
3,vendor,1.0,trend,0.01993213846563413,0.020773085559623095,0.12820966251146193
4,survivors,,equal_weight,0.026346790362944406,0.04582958552427996,0.07882972882679296
4,survivors,,momentum,0.0090942560610765,0.05086688553894014,0.10352471142729658
4,survivors,,low_vol,0.009013777460653571,0.034375934119232454,0.0781519436857745
4,survivors,,trend,0.01690218857517478,0.019153526565052204,0.08923172629471088
4,vendor,0.0,equal_weight,0.0,0.0,0.07882972882679296
4,vendor,0.0,momentum,0.0,0.0,0.10352471142729658
4,vendor,0.0,low_vol,0.0,0.0,0.0781519436857745
4,vendor,0.0,trend,0.0,0.0,0.08923172629471088
4,vendor,0.1,equal_weight,0.0037539763918896796,0.005559397552358791,0.07882972882679296
4,vendor,0.1,momentum,0.0018443831203280858,0.005924855203644275,0.10352471142729658
4,vendor,0.1,low_vol,0.0020449569037344073,0.002388890239339525,0.0781519436857745
4,vendor,0.1,trend,0.00240326418340997,0.0006440492395826114,0.08923172629471088
4,vendor,0.2,equal_weight,0.007970983628641903,0.013369109858015427,0.07882972882679296
4,vendor,0.2,momentum,0.007026551007381476,0.023685114597929435,0.10352471142729658
4,vendor,0.2,low_vol,0.004892413470599877,0.011062561772555157,0.0781519436857745
4,vendor,0.2,trend,0.0041305814449810185,-0.004701811254375077,0.08923172629471088
4,vendor,0.3,equal_weight,0.01124095853415552,0.014584593810177515,0.07882972882679296
4,vendor,0.3,momentum,0.007031243271681253,0.018741944117726672,0.10352471142729658
4,vendor,0.3,low_vol,0.006986271290329915,0.011778295604773503,0.0781519436857745
4,vendor,0.3,trend,0.006509968003723943,-0.005864468300637138,0.08923172629471088
4,vendor,0.4,equal_weight,0.01426149477838079,0.017229742181519514,0.07882972882679296
4,vendor,0.4,momentum,0.008537572466490007,0.013236044242514677,0.10352471142729658
4,vendor,0.4,low_vol,0.009743229169634882,0.0074635035060170996,0.0781519436857745
4,vendor,0.4,trend,0.008792675516436033,-0.0028061640265769627,0.08923172629471088
4,vendor,0.5,equal_weight,0.017711710561530092,0.023812054926687365,0.07882972882679296
4,vendor,0.5,momentum,0.01198915711690729,0.022209677100232028,0.10352471142729658
4,vendor,0.5,low_vol,0.010154665539966468,0.007390781558578863,0.0781519436857745
4,vendor,0.5,trend,0.01069973002153346,-0.0028120560913537096,0.08923172629471088
4,vendor,0.6,equal_weight,0.022055596935333766,0.02984982754640919,0.07882972882679296
4,vendor,0.6,momentum,0.014939563219980023,0.027092523254702794,0.10352471142729658
4,vendor,0.6,low_vol,0.012066688971406725,0.014085355641612174,0.0781519436857745
4,vendor,0.6,trend,0.013863540727379275,-0.002160987088479227,0.08923172629471088
4,vendor,0.7,equal_weight,0.025324063359114524,0.03632389609692499,0.07882972882679296
4,vendor,0.7,momentum,0.016439796094356307,0.03316871742906913,0.10352471142729658
4,vendor,0.7,low_vol,0.013568823523715912,0.01802061452052639,0.0781519436857745
4,vendor,0.7,trend,0.016561240496841823,0.004711013473126857,0.08923172629471088
4,vendor,0.8,equal_weight,0.02823142709515869,0.04049960930255425,0.07882972882679296
4,vendor,0.8,momentum,0.018923745969979144,0.03498429319905394,0.10352471142729658
4,vendor,0.8,low_vol,0.01504929621985962,0.018326938982141328,0.0781519436857745
4,vendor,0.8,trend,0.018988895382015425,0.015988913432405272,0.08923172629471088
4,vendor,0.9,equal_weight,0.032355528289353286,0.04806698403354859,0.07882972882679296
4,vendor,0.9,momentum,0.02229534972757863,0.040691162180283236,0.10352471142729658
4,vendor,0.9,low_vol,0.017766909311427215,0.03166494937095665,0.0781519436857745
4,vendor,0.9,trend,0.021404501119175023,0.020871423947969925,0.08923172629471088
4,vendor,1.0,equal_weight,0.03712418816540719,0.05554305202078247,0.07882972882679296
4,vendor,1.0,momentum,0.02410932537280197,0.049234020664347455,0.10352471142729658
4,vendor,1.0,low_vol,0.021335185465775064,0.03408640291728238,0.0781519436857745
4,vendor,1.0,trend,0.02418306647276225,0.023590121153296728,0.08923172629471088
5,survivors,,equal_weight,0.03587077080141721,0.04199461741292565,0.04239375561072323
5,survivors,,momentum,0.01341201213884502,0.019139026121616665,0.07268391510827699
5,survivors,,low_vol,0.019358970113374507,0.020478633106715383,0.04409130701229791
5,survivors,,trend,0.017779802819722246,0.021645530173539207,0.053328798115227505
5,vendor,0.0,equal_weight,0.0,0.0,0.04239375561072323
5,vendor,0.0,momentum,0.0,0.0,0.07268391510827699
5,vendor,0.0,low_vol,0.0,0.0,0.04409130701229791
5,vendor,0.0,trend,0.0,0.0,0.053328798115227505
5,vendor,0.1,equal_weight,0.0036223949237341735,0.006052472739924486,0.04239375561072323
5,vendor,0.1,momentum,0.0022159958749694564,0.004255486517793394,0.07268391510827699
5,vendor,0.1,low_vol,0.004608211106865712,0.008787387599785812,0.04409130701229791
5,vendor,0.1,trend,0.0024775513977071117,0.004335020220656238,0.053328798115227505
5,vendor,0.2,equal_weight,0.007051110989561904,0.011711691012913028,0.04239375561072323
5,vendor,0.2,momentum,0.003503900724779685,0.005144777474039852,0.07268391510827699
5,vendor,0.2,low_vol,0.007547564987325339,0.00958658868861928,0.04409130701229791
5,vendor,0.2,trend,0.0046143876980311305,0.013376796994655882,0.053328798115227505
5,vendor,0.3,equal_weight,0.010672474930136344,0.016553829819768495,0.04239375561072323
5,vendor,0.3,momentum,0.00969074885846144,0.01810087418918349,0.07268391510827699
5,vendor,0.3,low_vol,0.008608222826744338,0.012204167143496814,0.04409130701229791
5,vendor,0.3,trend,0.007197633279517834,0.01587256058374442,0.053328798115227505
5,vendor,0.4,equal_weight,0.014152692484119767,0.019692898549062865,0.04239375561072323
5,vendor,0.4,momentum,0.013433527834354031,0.012683170210017747,0.07268391510827699
5,vendor,0.4,low_vol,0.009555503683222666,0.01053247811154534,0.04409130701229791
5,vendor,0.4,trend,0.009704944484257627,0.019461812882411555,0.053328798115227505
5,vendor,0.5,equal_weight,0.01798221369585895,0.022525892386962898,0.04239375561072323
5,vendor,0.5,momentum,0.01636509800795949,0.017086675706974752,0.07268391510827699
5,vendor,0.5,low_vol,0.010723197776100424,0.016342830256912855,0.04409130701229791
5,vendor,0.5,trend,0.01285534918743636,0.02126393398751758,0.053328798115227505
5,vendor,0.6,equal_weight,0.023386677279961576,0.028866238022270507,0.04239375561072323
5,vendor,0.6,momentum,0.019385886346677816,0.01961771078636443,0.07268391510827699
5,vendor,0.6,low_vol,0.012138215673306751,0.012764049921452525,0.04409130701229791
5,vendor,0.6,trend,0.015451935060309951,0.021293897475676893,0.053328798115227505
5,vendor,0.7,equal_weight,0.028365324949168436,0.03295314123534521,0.04239375561072323
5,vendor,0.7,momentum,0.025554241461971383,0.024044363196826346,0.07268391510827699
5,vendor,0.7,low_vol,0.013568944891809487,0.018461153780768846,0.04409130701229791
5,vendor,0.7,trend,0.019443761730287612,0.023345106102079294,0.053328798115227505
5,vendor,0.8,equal_weight,0.03273990808982963,0.037262248871563375,0.04239375561072323
5,vendor,0.8,momentum,0.027027985018521328,0.02670181453243925,0.07268391510827699
5,vendor,0.8,low_vol,0.015652609166147746,0.01659881620572823,0.04409130701229791
5,vendor,0.8,trend,0.020518454698877253,0.024731853361937395,0.053328798115227505
5,vendor,0.9,equal_weight,0.03806939824518141,0.041509784951296425,0.04239375561072323
5,vendor,0.9,momentum,0.030033438950849645,0.04004278757145907,0.07268391510827699
5,vendor,0.9,low_vol,0.018043720177682188,0.020653125908601355,0.04409130701229791
5,vendor,0.9,trend,0.023755497004075865,0.028229204047780065,0.053328798115227505
5,vendor,1.0,equal_weight,0.04384137467836169,0.04316233002539904,0.04239375561072323
5,vendor,1.0,momentum,0.03208043165200225,0.034238399653040874,0.07268391510827699
5,vendor,1.0,low_vol,0.01951571931845897,0.018479979718162842,0.04409130701229791
5,vendor,1.0,trend,0.02764727068408801,0.029398895743825704,0.053328798115227505
6,survivors,,equal_weight,0.019994560483363566,0.05127060944480877,0.12405530736468262
6,survivors,,momentum,0.0011965967138314326,0.08371485191944561,0.14472086032082676
6,survivors,,low_vol,-0.002857509944009129,-0.02063329519196444,0.11276668001218648
6,survivors,,trend,0.006740020741773156,0.04513245155615231,0.13819704915245956
6,vendor,0.0,equal_weight,0.0,0.0,0.12405530736468262
6,vendor,0.0,momentum,0.0,0.0,0.14472086032082676
6,vendor,0.0,low_vol,0.0,0.0,0.11276668001218648
6,vendor,0.0,trend,0.0,0.0,0.13819704915245956
6,vendor,0.1,equal_weight,0.002350520541760659,0.0066067498881631215,0.12405530736468262
6,vendor,0.1,momentum,0.00110976494943138,0.010350397385325838,0.14472086032082676
6,vendor,0.1,low_vol,0.0021723023535462627,0.0004009134638619516,0.11276668001218648
6,vendor,0.1,trend,0.002352640766028591,0.00602038783622183,0.13819704915245956
6,vendor,0.2,equal_weight,0.005113545016693699,0.012323002055537158,0.12405530736468262
6,vendor,0.2,momentum,0.002807320272897762,0.012299420004370454,0.14472086032082676
6,vendor,0.2,low_vol,0.0027147603588975056,0.0008523539506911648,0.11276668001218648
6,vendor,0.2,trend,0.0037156218245322226,0.0090004572359067,0.13819704915245956
6,vendor,0.3,equal_weight,0.009245765765406366,0.020615863560520253,0.12405530736468262
6,vendor,0.3,momentum,0.00643988262219386,0.03015540728936128,0.14472086032082676
6,vendor,0.3,low_vol,0.004573497478814081,-0.004220350387379335,0.11276668001218648
6,vendor,0.3,trend,0.006478995596629122,0.014390837139864665,0.13819704915245956
6,vendor,0.4,equal_weight,0.01206933629674456,0.02745864753163363,0.12405530736468262
6,vendor,0.4,momentum,0.007366045582000158,0.03567253442424889,0.14472086032082676
6,vendor,0.4,low_vol,0.004391557483736319,-0.003708968414189995,0.11276668001218648
6,vendor,0.4,trend,0.008277538665829809,0.018108542032973407,0.13819704915245956
6,vendor,0.5,equal_weight,0.014310353974190226,0.031739123035919525,0.12405530736468262
6,vendor,0.5,momentum,0.01167273976367511,0.04103054839042386,0.14472086032082676
6,vendor,0.5,low_vol,0.005724941459460231,0.00032085314276242283,0.11276668001218648
6,vendor,0.5,trend,0.009514031622608332,0.019738098451890895,0.13819704915245956
6,vendor,0.6,equal_weight,0.01712009076759058,0.03853654654222083,0.12405530736468262
6,vendor,0.6,momentum,0.014792991462267535,0.0431794581848729,0.14472086032082676
6,vendor,0.6,low_vol,0.005819799776031198,-0.0027799991050601047,0.11276668001218648
6,vendor,0.6,trend,0.011084454693560453,0.022722023674661584,0.13819704915245956
6,vendor,0.7,equal_weight,0.020447683259833704,0.044902591725752616,0.12405530736468262
6,vendor,0.7,momentum,0.014095042827364068,0.057552952845116634,0.14472086032082676
6,vendor,0.7,low_vol,0.00667128550906293,-0.005369635244291682,0.11276668001218648
6,vendor,0.7,trend,0.011008173852104619,0.028289364262991223,0.13819704915245956
6,vendor,0.8,equal_weight,0.023412671722309764,0.04994346656877724,0.12405530736468262
6,vendor,0.8,momentum,0.015255982509369659,0.06559758103244728,0.14472086032082676
6,vendor,0.8,low_vol,0.00693588892704744,-2.936530658881331e-05,0.11276668001218648
6,vendor,0.8,trend,0.012950857481883737,0.03545285544765242,0.13819704915245956
6,vendor,0.9,equal_weight,0.02866058638215696,0.059469932550419546,0.12405530736468262
6,vendor,0.9,momentum,0.020893933023523603,0.07224869893835628,0.14472086032082676
6,vendor,0.9,low_vol,0.00869391680353715,0.012121294664412474,0.11276668001218648
6,vendor,0.9,trend,0.016719136097129494,0.044848052560813145,0.13819704915245956
6,vendor,1.0,equal_weight,0.032583513629309335,0.06954073371558522,0.12405530736468262
6,vendor,1.0,momentum,0.022900915523281773,0.09192222272566264,0.14472086032082676
6,vendor,1.0,low_vol,0.00989091026272626,0.010636828369652962,0.11276668001218648
6,vendor,1.0,trend,0.020133974320580172,0.061910471574934456,0.13819704915245956
7,survivors,,equal_weight,0.04650101154532771,0.07836298658799778,0.022159492706446127
7,survivors,,momentum,0.02322822281512038,0.03689909115561285,0.0513862084470782
7,survivors,,low_vol,0.018868124527940733,0.023907010672770124,0.03290752376729822
7,survivors,,trend,0.02987749380152338,0.052060030641613575,0.04070380793631556
7,vendor,0.0,equal_weight,0.0,0.0,0.022159492706446127
7,vendor,0.0,momentum,0.0,0.0,0.0513862084470782
7,vendor,0.0,low_vol,0.0,0.0,0.03290752376729822
7,vendor,0.0,trend,0.0,0.0,0.04070380793631556
7,vendor,0.1,equal_weight,0.004282510535165818,0.014684172828521525,0.022159492706446127
7,vendor,0.1,momentum,0.0008872221068529917,-0.006533536988884259,0.0513862084470782
7,vendor,0.1,low_vol,0.002713324890425417,-0.0006969470128328492,0.03290752376729822
7,vendor,0.1,trend,0.002641765392024098,0.0027515493543069924,0.04070380793631556
7,vendor,0.2,equal_weight,0.007791656091650445,0.022754373738602007,0.022159492706446127
7,vendor,0.2,momentum,0.004748075755124592,0.006700268794932129,0.0513862084470782
7,vendor,0.2,low_vol,0.005115707310134887,-0.0005986849050820808,0.03290752376729822
7,vendor,0.2,trend,0.0061011643003630045,0.01347653916452296,0.04070380793631556
7,vendor,0.3,equal_weight,0.013086730689248594,0.028324642618422713,0.022159492706446127
7,vendor,0.3,momentum,0.01081719898223632,0.0004516653815207494,0.0513862084470782
7,vendor,0.3,low_vol,0.0098968102271082,0.00607098620343316,0.03290752376729822
7,vendor,0.3,trend,0.010775522674103533,0.01993743402123449,0.04070380793631556
7,vendor,0.4,equal_weight,0.018164551689860753,0.04296464108968667,0.022159492706446127
7,vendor,0.4,momentum,0.011704788164971669,-0.01682079113805912,0.0513862084470782
7,vendor,0.4,low_vol,0.013678968518537227,0.008277713007114218,0.03290752376729822
7,vendor,0.4,trend,0.012548104090459367,0.02632377767620553,0.04070380793631556
7,vendor,0.5,equal_weight,0.023376800312494117,0.04995506220191248,0.022159492706446127
7,vendor,0.5,momentum,0.02114958165925751,-0.00026927471144699844,0.0513862084470782
7,vendor,0.5,low_vol,0.014925442542792933,0.009800525769496304,0.03290752376729822
7,vendor,0.5,trend,0.016817320870772257,0.025905711278969346,0.04070380793631556
7,vendor,0.6,equal_weight,0.0283795602605188,0.06407600328380192,0.022159492706446127
7,vendor,0.6,momentum,0.022467876383294838,0.01211960814416524,0.0513862084470782
7,vendor,0.6,low_vol,0.01962426238800541,0.03473579507043534,0.03290752376729822
7,vendor,0.6,trend,0.019333140577439956,0.03102174636075694,0.04070380793631556
7,vendor,0.7,equal_weight,0.03383633883405124,0.07003966516368143,0.022159492706446127
7,vendor,0.7,momentum,0.027490828329391093,0.021729678466482105,0.0513862084470782
7,vendor,0.7,low_vol,0.02065324095377763,0.036548985684396684,0.03290752376729822
7,vendor,0.7,trend,0.022861677513664302,0.03506125932476978,0.04070380793631556
7,vendor,0.8,equal_weight,0.03959465658943628,0.0748017542946664,0.022159492706446127
7,vendor,0.8,momentum,0.029959907372659078,0.01792505386744636,0.0513862084470782
7,vendor,0.8,low_vol,0.025047857915977634,0.05598147289877009,0.03290752376729822
7,vendor,0.8,trend,0.026956632509706147,0.04776832703531142,0.04070380793631556
7,vendor,0.9,equal_weight,0.048159669242182845,0.0812908985005838,0.022159492706446127
7,vendor,0.9,momentum,0.03316520591582428,0.010790245216443561,0.0513862084470782
7,vendor,0.9,low_vol,0.026657189885439303,0.06258335653517444,0.03290752376729822
7,vendor,0.9,trend,0.03434162624160608,0.05176208287199868,0.04070380793631556
7,vendor,1.0,equal_weight,0.054660702943700734,0.08214584423853455,0.022159492706446127
7,vendor,1.0,momentum,0.04008995492064105,0.02916984852439053,0.0513862084470782
7,vendor,1.0,low_vol,0.030243727645347773,0.07409617943424318,0.03290752376729822
7,vendor,1.0,trend,0.03888166245496727,0.047005683319553904,0.04070380793631556
8,survivors,,equal_weight,0.019625364275550394,0.0293820376799534,0.10493916520091684
8,survivors,,momentum,0.006035396813968141,-0.0001430711505011617,0.1359321413738941
8,survivors,,low_vol,0.010865074926629248,0.0451418077961917,0.08206878418436014
8,survivors,,trend,0.01309808725441175,0.004175129946148104,0.11853717499224259
8,vendor,0.0,equal_weight,0.0,0.0,0.10493916520091684
8,vendor,0.0,momentum,0.0,0.0,0.1359321413738941
8,vendor,0.0,low_vol,0.0,0.0,0.08206878418436014
8,vendor,0.0,trend,0.0,0.0,0.11853717499224259
8,vendor,0.1,equal_weight,0.002374770574028684,0.00361320582045932,0.10493916520091684
8,vendor,0.1,momentum,0.0015620968584180162,-0.0010453076741394618,0.1359321413738941
8,vendor,0.1,low_vol,0.0006525052804191578,-0.0020138439056824886,0.08206878418436014
8,vendor,0.1,trend,0.002328088574558018,0.005458762440129883,0.11853717499224259
8,vendor,0.2,equal_weight,0.004967659746373476,0.01006350788725141,0.10493916520091684
8,vendor,0.2,momentum,0.0012003537116493934,-0.004089596841459708,0.1359321413738941
8,vendor,0.2,low_vol,0.0016588312236771596,-0.0010466601114641483,0.08206878418436014
8,vendor,0.2,trend,0.004249496230406935,0.004812295267925704,0.11853717499224259
8,vendor,0.3,equal_weight,0.008688399186459916,0.013686483930071436,0.10493916520091684
8,vendor,0.3,momentum,0.003297733942434933,-0.004115435185253702,0.1359321413738941
8,vendor,0.3,low_vol,0.001972140519023613,-0.0030477091043266125,0.08206878418436014
8,vendor,0.3,trend,0.006767488334251004,0.0054071981555710025,0.11853717499224259
8,vendor,0.4,equal_weight,0.010386082531762986,0.020757071932847704,0.10493916520091684
8,vendor,0.4,momentum,0.005838594914552742,-0.006302031801494801,0.1359321413738941
8,vendor,0.4,low_vol,0.0022808510373000246,1.3313758921107421e-05,0.08206878418436014
8,vendor,0.4,trend,0.009652225490811794,0.0048236522338176435,0.11853717499224259
8,vendor,0.5,equal_weight,0.013121471422087305,0.02654312422342442,0.10493916520091684
8,vendor,0.5,momentum,0.005173433696504803,-0.007421137958756874,0.1359321413738941
8,vendor,0.5,low_vol,0.0028031116825533164,0.009870241854240458,0.08206878418436014
8,vendor,0.5,trend,0.011098350170576587,0.004779977470819596,0.11853717499224259
8,vendor,0.6,equal_weight,0.017401080765385046,0.028515431050822992,0.10493916520091684
8,vendor,0.6,momentum,0.006884135903634014,-0.005614141556584129,0.1359321413738941
8,vendor,0.6,low_vol,0.005844972699165618,0.032069743302673426,0.08206878418436014
8,vendor,0.6,trend,0.01411531914066222,0.004950728653833725,0.11853717499224259
8,vendor,0.7,equal_weight,0.02095721152978558,0.028491825629704204,0.10493916520091684
8,vendor,0.7,momentum,0.010064381578584136,-0.005199993633098088,0.1359321413738941
8,vendor,0.7,low_vol,0.008236680355274695,0.043412459769882616,0.08206878418436014
8,vendor,0.7,trend,0.01728780070583036,0.004686422541243296,0.11853717499224259
8,vendor,0.8,equal_weight,0.023657946515337924,0.028614564309782597,0.10493916520091684
8,vendor,0.8,momentum,0.010794454414350563,-0.005392140292447167,0.1359321413738941
8,vendor,0.8,low_vol,0.009834678987712175,0.04205164438724196,0.08206878418436014
8,vendor,0.8,trend,0.019158275675615677,0.005688913730971135,0.11853717499224259
8,vendor,0.9,equal_weight,0.026453880369463834,0.031013513752558453,0.10493916520091684
8,vendor,0.9,momentum,0.013365005100163696,-0.004690844644079428,0.1359321413738941
8,vendor,0.9,low_vol,0.010756081854534916,0.051556437009416145,0.08206878418436014
8,vendor,0.9,trend,0.020964501764677124,0.0058499995149240425,0.11853717499224259
8,vendor,1.0,equal_weight,0.02906237201414341,0.03216808240043223,0.10493916520091684
8,vendor,1.0,momentum,0.016234808834000303,-0.004878329504462653,0.1359321413738941
8,vendor,1.0,low_vol,0.014164590823144918,0.05510090495130526,0.08206878418436014
8,vendor,1.0,trend,0.0230238584913649,0.005382942960527659,0.11853717499224259
9,survivors,,equal_weight,0.02357182246942391,0.01063510997777406,0.10776026866824795
9,survivors,,momentum,0.01548083724198035,0.0068224382248712745,0.12791508772389526
9,survivors,,low_vol,0.0034478874109449276,-0.012162709142701122,0.10665545673106869
9,survivors,,trend,0.012114883818008293,-0.0007959269881896436,0.1184342678399386
9,vendor,0.0,equal_weight,0.0,0.0,0.10776026866824795
9,vendor,0.0,momentum,0.0,0.0,0.12791508772389526
9,vendor,0.0,low_vol,0.0,0.0,0.10665545673106869
9,vendor,0.0,trend,0.0,0.0,0.1184342678399386
9,vendor,0.1,equal_weight,0.002050608070054194,0.002935819210670987,0.10776026866824795
9,vendor,0.1,momentum,0.0016429737529584099,0.001085688035127652,0.12791508772389526
9,vendor,0.1,low_vol,0.0006740068067343508,0.0015600379930881259,0.10665545673106869
9,vendor,0.1,trend,0.0010482490366785502,0.0009304041377968808,0.1184342678399386
9,vendor,0.2,equal_weight,0.004593991666749897,0.0033628380207523234,0.10776026866824795
9,vendor,0.2,momentum,0.0015477168848174738,-0.002644711822905599,0.12791508772389526
9,vendor,0.2,low_vol,0.0005042407752260392,0.001536613524830699,0.10665545673106869
9,vendor,0.2,trend,0.0015359278890543226,0.0008810845096850484,0.1184342678399386
9,vendor,0.3,equal_weight,0.00716157255787464,0.003638737369505929,0.10776026866824795
9,vendor,0.3,momentum,0.006239577287570519,-0.0008379698699461091,0.12791508772389526
9,vendor,0.3,low_vol,0.001130589613827837,0.002856417978504444,0.10665545673106869
9,vendor,0.3,trend,0.0036597478909334846,0.001419935106555581,0.1184342678399386
9,vendor,0.4,equal_weight,0.010460508271574298,0.005530306783413708,0.10776026866824795
9,vendor,0.4,momentum,0.005782539204713721,0.0010631488293553204,0.12791508772389526
9,vendor,0.4,low_vol,0.004707986229297134,0.006733228619534626,0.10665545673106869
9,vendor,0.4,trend,0.005707383620894957,0.0031451763306840075,0.1184342678399386
9,vendor,0.5,equal_weight,0.013172446170683694,0.009284406569813775,0.10776026866824795
9,vendor,0.5,momentum,0.010782452150345456,-0.0012966370078723033,0.12791508772389526
9,vendor,0.5,low_vol,0.005997858345887286,0.005317858491851624,0.10665545673106869
9,vendor,0.5,trend,0.00789040588192158,0.0033177807710946805,0.1184342678399386
9,vendor,0.6,equal_weight,0.017060876749273923,0.01250818275429244,0.10776026866824795
9,vendor,0.6,momentum,0.011069236423790096,0.0005650265478328587,0.12791508772389526
9,vendor,0.6,low_vol,0.007690043573495231,0.004055731963796827,0.10665545673106869
9,vendor,0.6,trend,0.010897377185996815,0.005251064111498116,0.1184342678399386
9,vendor,0.7,equal_weight,0.0202004932702049,0.012829950763820985,0.10776026866824795
9,vendor,0.7,momentum,0.010033531764362724,0.003388743665435179,0.12791508772389526
9,vendor,0.7,low_vol,0.008202562521444356,0.003721197328659165,0.10665545673106869
9,vendor,0.7,trend,0.012869795251256644,0.005428493630668552,0.1184342678399386
9,vendor,0.8,equal_weight,0.02350296941771135,0.013591066750030634,0.10776026866824795
9,vendor,0.8,momentum,0.011775921787804622,0.0009890172154465304,0.12791508772389526
9,vendor,0.8,low_vol,0.008561439383786729,0.003486992620699736,0.10665545673106869
9,vendor,0.8,trend,0.014193653536979323,0.004097836622769524,0.1184342678399386
9,vendor,0.9,equal_weight,0.027536797759489362,0.014321605306281682,0.10776026866824795
9,vendor,0.9,momentum,0.014136497357267075,0.0024246379870856982,0.12791508772389526
9,vendor,0.9,low_vol,0.010665142365046565,0.0018088777874578632,0.10665545673106869
9,vendor,0.9,trend,0.017314449138336352,0.004410508256051604,0.1184342678399386
9,vendor,1.0,equal_weight,0.031325138087844095,0.014219052437191015,0.10776026866824795
9,vendor,1.0,momentum,0.021258628841388072,0.0025970128849232,0.12791508772389526
9,vendor,1.0,low_vol,0.010721859367611497,0.0031122908241764113,0.10665545673106869
9,vendor,1.0,trend,0.020351146443667423,0.004945584637009004,0.1184342678399386
10,survivors,,equal_weight,0.05906983465880178,0.22762078156463006,-0.035753797768765305
10,survivors,,momentum,0.020394341675138872,0.03134566053464871,-0.009825965009806925
10,survivors,,low_vol,0.03996479943443265,0.1085513044091947,-0.017285503929483803
10,survivors,,trend,0.042126130855724475,0.12645230224179127,-0.022068302269426465
10,vendor,0.0,equal_weight,0.0,0.0,-0.035753797768765305
10,vendor,0.0,momentum,0.0,0.0,-0.009825965009806925
10,vendor,0.0,low_vol,0.0,0.0,-0.017285503929483803
10,vendor,0.0,trend,0.0,0.0,-0.022068302269426465
10,vendor,0.1,equal_weight,0.00547170218723303,0.033444293103846334,-0.035753797768765305
10,vendor,0.1,momentum,0.0020388010891381203,0.006710674832836494,-0.009825965009806925
10,vendor,0.1,low_vol,0.007207285983769296,0.022497605394582454,-0.017285503929483803
10,vendor,0.1,trend,0.007206997553000027,0.06410353382552236,-0.022068302269426465
10,vendor,0.2,equal_weight,0.010507714877948326,0.07267229436318023,-0.035753797768765305
10,vendor,0.2,momentum,0.0071694141838879455,0.028241301430019905,-0.009825965009806925
10,vendor,0.2,low_vol,0.0105389010712722,0.02858939381129988,-0.017285503929483803
10,vendor,0.2,trend,0.009502932377100537,0.08001982920676065,-0.022068302269426465
10,vendor,0.3,equal_weight,0.015437762698729984,0.10809587529396214,-0.035753797768765305
10,vendor,0.3,momentum,0.008021893810704173,0.016728480307062865,-0.009825965009806925
10,vendor,0.3,low_vol,0.014988180452594202,0.04373779312880044,-0.017285503929483803
10,vendor,0.3,trend,0.012938039601619322,0.08985557884941653,-0.022068302269426465
10,vendor,0.4,equal_weight,0.019327156027872494,0.1416610109806975,-0.035753797768765305
10,vendor,0.4,momentum,0.008778021008547188,0.0313775299030985,-0.009825965009806925
10,vendor,0.4,low_vol,0.01760618703680994,0.0421554217342085,-0.017285503929483803
10,vendor,0.4,trend,0.015650207230979207,0.09355168114341794,-0.022068302269426465
10,vendor,0.5,equal_weight,0.025735266123962375,0.16093642112595186,-0.035753797768765305
10,vendor,0.5,momentum,0.017817622110553932,0.07679644823968534,-0.009825965009806925
10,vendor,0.5,low_vol,0.020847826311457207,0.0473055981521997,-0.017285503929483803
10,vendor,0.5,trend,0.021783712739904537,0.1122187217861923,-0.022068302269426465
10,vendor,0.6,equal_weight,0.033258392354309385,0.1709433719530351,-0.035753797768765305
10,vendor,0.6,momentum,0.022258469592054686,0.07275609416926787,-0.009825965009806925
10,vendor,0.6,low_vol,0.022413363623661087,0.05184722996901414,-0.017285503929483803
10,vendor,0.6,trend,0.027477820665848474,0.11630672136823017,-0.022068302269426465
10,vendor,0.7,equal_weight,0.039636881853724826,0.18098572391731216,-0.035753797768765305
10,vendor,0.7,momentum,0.026330025681127633,0.0889472813304043,-0.009825965009806925
10,vendor,0.7,low_vol,0.025874986794659383,0.06243273647881176,-0.017285503929483803
10,vendor,0.7,trend,0.031818021183111944,0.12392220133793486,-0.022068302269426465
10,vendor,0.8,equal_weight,0.048773602124160376,0.1988418448661794,-0.035753797768765305
10,vendor,0.8,momentum,0.032050303353991616,0.10302424551172928,-0.009825965009806925
10,vendor,0.8,low_vol,0.02804595465575377,0.08822342311099729,-0.017285503929483803
10,vendor,0.8,trend,0.03958651399857971,0.13996273315232877,-0.022068302269426465
10,vendor,0.9,equal_weight,0.056844930780804215,0.21557313556486368,-0.035753797768765305
10,vendor,0.9,momentum,0.031894089442940254,0.089099373686779,-0.009825965009806925
10,vendor,0.9,low_vol,0.034101418043526066,0.11381489818349266,-0.017285503929483803
10,vendor,0.9,trend,0.04419180283282953,0.14339971892446224,-0.022068302269426465
10,vendor,1.0,equal_weight,0.06464145164026835,0.23299106622150967,-0.035753797768765305
10,vendor,1.0,momentum,0.03868121719507678,0.11227447697641812,-0.009825965009806925
10,vendor,1.0,low_vol,0.04145385568367799,0.12647468016030938,-0.017285503929483803
10,vendor,1.0,trend,0.05020268672899586,0.14997843002712452,-0.022068302269426465
11,survivors,,equal_weight,0.01501976078113243,0.009085234866231473,0.19124391956169373
11,survivors,,momentum,0.007115848904961197,-0.006642366714772585,0.23458170940698952
11,survivors,,low_vol,0.004652855084388063,-0.017657568791552003,0.16769382862826898
11,survivors,,trend,0.005790824985441478,0.008561121178482733,0.20314241882208628
11,vendor,0.0,equal_weight,0.0,0.0,0.19124391956169373
11,vendor,0.0,momentum,0.0,0.0,0.23458170940698952
11,vendor,0.0,low_vol,0.0,0.0,0.16769382862826898
11,vendor,0.0,trend,0.0,0.0,0.20314241882208628
11,vendor,0.1,equal_weight,0.001555267494406154,0.0021895774635813936,0.19124391956169373
11,vendor,0.1,momentum,0.0006507655620728858,0.0027981139674239097,0.23458170940698952
11,vendor,0.1,low_vol,0.0004925025718331977,0.0005218346491423498,0.16769382862826898
11,vendor,0.1,trend,0.000990826565110181,-0.001661517799776857,0.20314241882208628
11,vendor,0.2,equal_weight,0.003843931338104234,0.004155350859079143,0.19124391956169373
11,vendor,0.2,momentum,-0.00022252923679544345,0.011407515003907687,0.23458170940698952
11,vendor,0.2,low_vol,0.0024278562349093757,-0.003832724984820679,0.16769382862826898
11,vendor,0.2,trend,0.002112716698441819,0.0013332756310951988,0.20314241882208628
11,vendor,0.3,equal_weight,0.004461532275036317,0.005043864256327413,0.19124391956169373
11,vendor,0.3,momentum,-0.0017221464281349519,0.0036227671879182077,0.23458170940698952
11,vendor,0.3,low_vol,0.002455365125919151,-0.0026574734995145066,0.16769382862826898
11,vendor,0.3,trend,0.0019993872744907826,-0.00389578203967067,0.20314241882208628
11,vendor,0.4,equal_weight,0.006473191862141459,0.007231294388116982,0.19124391956169373
11,vendor,0.4,momentum,-0.0012221737554074519,0.008473028056786736,0.23458170940698952
11,vendor,0.4,low_vol,0.005081058938969818,-0.0028498334817338433,0.16769382862826898
11,vendor,0.4,trend,0.002688720962009672,-0.002655933285418577,0.20314241882208628
11,vendor,0.5,equal_weight,0.009021189248704209,0.008164392470937254,0.19124391956169373
11,vendor,0.5,momentum,0.003388761178494626,0.010600048417836239,0.23458170940698952
11,vendor,0.5,low_vol,0.004876587251055886,-0.003335563866931679,0.16769382862826898
11,vendor,0.5,trend,0.004949695520944042,0.00279619437870815,0.20314241882208628
11,vendor,0.6,equal_weight,0.011190726016112595,0.01162048509327751,0.19124391956169373
11,vendor,0.6,momentum,0.0039505209740466896,0.011052343155911415,0.23458170940698952
11,vendor,0.6,low_vol,0.004545899282704768,-0.0027766386572500856,0.16769382862826898
11,vendor,0.6,trend,0.0059631595701525875,0.004020421480910863,0.20314241882208628
11,vendor,0.7,equal_weight,0.014135458290008618,0.012347788054122733,0.19124391956169373
11,vendor,0.7,momentum,0.0037797745521319648,0.007696097304689342,0.23458170940698952
11,vendor,0.7,low_vol,0.00492083082758743,-0.0031312185508328705,0.16769382862826898
11,vendor,0.7,trend,0.007860602699764296,0.00445865671102641,0.20314241882208628
11,vendor,0.8,equal_weight,0.01724034542807451,0.013991782487890347,0.19124391956169373
11,vendor,0.8,momentum,0.004561967385428911,0.008310579638464599,0.23458170940698952
11,vendor,0.8,low_vol,0.00611062221753822,-0.0025971378192426453,0.16769382862826898
11,vendor,0.8,trend,0.009959274013568997,0.005283675997004411,0.20314241882208628
11,vendor,0.9,equal_weight,0.019385524355754802,0.014951855276792214,0.19124391956169373
11,vendor,0.9,momentum,0.008294037679200006,0.013112441412113984,0.23458170940698952
11,vendor,0.9,low_vol,0.005685330850305315,-0.00839921427989021,0.16769382862826898
11,vendor,0.9,trend,0.0111018768464759,0.005893279626321357,0.20314241882208628
11,vendor,1.0,equal_weight,0.02239864285470783,0.01800792912170468,0.19124391956169373
11,vendor,1.0,momentum,0.010862833583944909,0.011558627243172581,0.23458170940698952
11,vendor,1.0,low_vol,0.007041074214404919,-0.01141219847618069,0.16769382862826898
11,vendor,1.0,trend,0.013952383628373477,0.010160163072802542,0.20314241882208628
